,No.,Radical,Pinyin,Meaning,
,1,一,yī,One (the number 1),
,2,丨,gǔn,Vertical stroke,
,3,丿,piě,Left-slanting stroke,
,4,乙,yǐ,The second Heavenly Stems (after Jiǎ),
,5,亅,jué,Hooked stroke,
,6,丶,zhǔ,Dot,
,7,二,èr,Two,
,8,亠,tóu,Top (no specific meaning),
,9,人 (亻),rén,Person,
,10,儿,ér,Child/son,
,11,入,rù,To enter,
,12,八,bā,Eight/to divide,
,13,冂,jiōng,Boundary/border,
,14,冖,mì,To cover/wrap,
,15,冫,bīng,Ice,
,16,几,jī,Small table/chair,
,17,凵,kǎn,Open box,
,18,刀 (刂),dāo,Knife/cutting tool,
,19,力,lì,Power/strength,
,20,勹,bāo,Wrap/encircle,
,21,匕,bǐ,Spoon/ladle,
,22,匚,fāng,Box/chest,
,23,匸,xì,Hide/conceal,
,24,十,shí,Ten,
,25,卜,bǔ,Divination/fortune-telling,
,26,卩,jié,Seal/festival,
,27,厂,chǎng,Factory/workshop,
,28,厶,sī,Private/secret,
,29,又,yòu,Again/also,
,30,口,kǒu,Mouth,
,31,囗,wéi,Surrounding,
,32,土,tǔ,Earth,
,33,士,shì,Scholar/official,
,34,夂,zhǐ,Walk slowly,
,35,夊,suī,Follow behind,
,36,夕,xī,Evening,
,37,大,dà,Big/large,
,38,女,nǚ,Woman,
,39,子,zǐ,Child/offspring,
,40,宀,mián,Roof,
,41,寸,cùn,Inch (measurement),
,42,小,xiǎo,Small,
,43,尢,wāng,Weak,
,44,尸,shī,Corpse,
,45,屮,chè,Sprouting grass,
,46,山,shān,Mountain,
,47,川,chuān,River,
,48,工,gōng,Work,
,49,己,jǐ,Self,
,50,巾,jīn,Towel,
,51,干,gān,Dry/Heaven's stem,
,52,幺,yāo,Small/tiny,
,53,广,guǎng,Wide,
,54,廴,yǐn,Long step,
,55,廾,gǒng,Clasped hands,
,56,弋,yì,Shoot/capture,
,57,弓,gōng,Bow,
,58,彐,jì,Snout/head of a pig,
,59,彡,shān,Hair/long fur,
,60,彳,chì,Short step,
,61,心 (忄),xīn,Heart/mind,
,62,戈,gē,Spear,
,63,户,hù,Household/door,
,64,手 (扌),shǒu,Hand,
,65,支,zhī,Branch,
,66,攴 (攵),pū,Strike lightly,
,67,文,wén,Culture/literature,
,68,斗,dǒu,Bucket/measure,
,69,斤,jīn,Axe/weight,
,70,方,fāng,Square/direction,
,71,无,wú,None/nothing,
,72,日,rì,Sun/day,
,73,曰,yuē,Say/speak,
,74,月,yuè,Moon/month,
,75,木,mù,Wood/tree,
,76,欠,qiàn,Lack/owe,
,77,止,zhǐ,Stop/cease,
,78,歹 (歺),dǎi,Evil/wicked,
,79,殳,shū,Spear/weapon,
,80,毋 (母),wú,Don't/mother,
,81,比,bǐ,Compare,
,82,毛,máo,Hair/fur,
,83,氏,shì,Surname/clan,
,84,气,qì,Air/energy,
,85,水 (氵),shuǐ,Water,
,86,火 (灬),huǒ,Fire,
,87,爪 (爫),zhǎo,Claw,
,88,父,fù,Father,
,89,爻,yáo,Hexagram lines,
,90,爿 (丬),qiáng,Plank,
,91,片,piàn,Piece/slice,
,92,牙,yá,Tooth,
,93,牛 (牜),niú,Ox/cow,
,94,犬 (犭),quǎn,Dog,
,95,玄,xuán,Black/mysterious,
,96,玉 (王),yù,Jade/precious stone,
,97,瓜,guā,Melon,
,98,瓦,wǎ,Tile,
,99,甘,gān,Sweet/good fortune,
,100,生,shēng,To give birth/to live,
,101,用,yòng,To use,
,102,田,tián,Field/farm,
,103,疋 (⺪),pǐ,A roll of cloth,
,104,疒,nè,Illness/sickness,
,105,癶,bō,To push aside,
,106,白,bái,White,
,107,皮,pí,Skin/peel,
,108,皿,mǐn,Dish/plate,
,109,目,mù,Eye,
,110,矛,máo,Spear,
,111,矢,shǐ,Arrow,
,112,石,shí,Stone,
,113,示 (礻),shì,To show/to indicate,
,114,禸,róu,Footprint/animal track,
,115,禾,hé,Grain/rice plant,
,116,穴,xué,Cave/hole,
,117,立,lì,To stand/establish,
,118,竹,zhú,Bamboo,
,119,米,mǐ,Rice,
,120,"糸 (糹, 纟)",mì,Fine thread,
,121,缶,fǒu,Jar/pot made of clay,
,122,网 (罓),wǎng,Fishing net/web/system,
,123,羊,yáng,Sheep/goat,
,124,羽,yǔ,Feather,
,125,老,lǎo,Elderly person,
,126,而,ér,And/but,
,127,耒,lěi,Plow,
,128,耳,ěr,Ear,
,129,聿,yù,Brush/writing tool,
,130,肉,ròu,Meat,
,131,臣,chén,Minister/subject,
,132,自,zì,Self/own,
,133,至,zhì,To reach/until,
,134,臼,jiù,Mortar for pounding rice,
,135,舌,shé,Tongue,
,136,舛,chuǎn,Mistake/error,
,137,舟,zhōu,Boat/vessel,
,138,艮,hén,Trigram in the I Ching,
,139,色,sè,Color,
,140,艸 (艹),cǎo,Grass,
,141,虍,hū,Tiger's stripes,
,142,虫,chóng,Insect/bug,
,143,血,xuè,Blood,
,144,行,xíng,To walk/action,
,145,衣 (衤),yī,Clothes,
,146,襾,Yà,To cover/to wrap,
,147,見 (见),jiàn,To see/to look at,
,148,角,jué,Horn/antler of an animal,
,149,言 (讠),yán,Speech/words,
,150,谷,gǔ,Valley/stream/water flowing between two mountains,
,151,豆,dòu,Bean plant,
,152,豕,shǐ,Pig,
,153,豸,zhì,A type of footless insect,
,154,貝 (贝),bèi,Shell/valuable object,
,155,赤,chì,Red color,
,156,走 (赱),zǒu,To walk/to run,
,157,足,zú,Foot,
,158,身,shēn,Body/identity,
,159,車 (车),chē,Car/vehicle,
,160,辛,xīn,Bitter/difficult,
,161,辰,chén,Chinese zodiac sign (the Dragon hour),
,162,辵 (辶),chuò,To walk/to stop and go,
,163,邑 (阝),è,A town/a settlement,
,164,酉,yǒu,The time of 5-7 PM,
,165,釆,biàn,To distinguish/to differentiate,
,166,里,lǐ,A Chinese unit of distance (approximately 500 meters),
,167,金,jīn,Metal/gold,
,168,"長 (镸, 长)",cháng,Long/lasting,
,169,門 (门),mén,Door/gate,
,170,阜 (阝),fù,Hill/mound,
,171,隶,dài,To catch up/to follow,
,172,隹,zhuī,A short-tailed bird,
,173,雨,yǔ,Rain,
,174,青 (靑),qīng,Green/blue,
,175,非,fēi,Wrong/incorrect,
,176,面 (靣),miàn,Face,
,177,革,gé,To change/to replace,
,178,韋 (韦),wéi,Leather,
,179,韭,jiǔ,Leek (a type of vegetable),
,180,音,yīn,Sound,
,181,頁 (页),yè,Page/sheet,
,182,"風 (凬, 风)",fēng,Wind,
,183,飛 (飞),fēi,To fly,
,184,"食 (飠, 饣)",shí,Food,
,185,首,shǒu,Head,
,186,香,xiāng,Fragrance,
,187,馬 (马),mǎ,Horse,
,188,骨,gǔ,Bone,
,189,高,gāo,Tall/high,
,190,髟,biāo,Long hair,
,191,鬥 (斗),dòu,To fight,
,192,鬯,chàng,A type of fragrant rice wine,
,193,鬲,gé,An ancient state,
,194,鬼,guǐ,Ghost,
,195,魚 (鱼),yú,Fish,
,196,鳥 (鸟),niǎo,Bird,
,197,鹵,lǔ,Salt/brine/mineral salt,
,198,鹿,lù,Deer,
,199,麥 (麦),mò,Wheat/barley,
,200,麻,má,Hemp/mourning clothes,
,201,黃,huáng,Yellow,
,202,黍,shǔ,Millet/small sharp leaves,
,203,黑,hēi,Black,
,204,黹,zhǐ,Sewing/embroidery,
,205,黽,méng,Mudfish/frog,
,206,鼎,dǐng,Cauldron/tripod vessel,
,207,鼓,gǔ,Drum,
,208,鼠,shǔ,Rat,
,209,鼻,bí,Nose,
,210,"齊 (斉, 齐)",qí,Equal/uniform/the state of Qi,
,211,"齒 (齿, 歯)",chǐ,Tooth,
,212,龍 (龙),lóng,Dragon/symbolizing the emperor,
,213,"龜 (亀, 龟)",guī,Turtle,
,214,龠,yuè,A type of ancient musical instrument,
,215,的,de,Of,
,216,不,bù,Not,
,217,是,shì,Is,
,218,了,le,To know,
,219,在,zài,At,
,220,有,yǒu,To have,
,221,我,wǒ,I,
,222,他,tā,He,
,223,这,zhè,This,
,224,为,wèi,Act as,
,225,之,zhī,Him,
,226,来,lái,To come,
,227,以,yǐ,To use,
,228,个,gè,Individual,
,229,中,zhōng,Within,
,230,上,shàng,On,
,231,们,men,Plural marker for pronouns and a few animate nouns,
,232,到,dào,To (a place),
,233,说,shuō,Persuade (politically),
,234,国,guó,Country,
,235,和,hé,And,
,236,地,dì,-ly,
,237,也,yě,Also,
,238,时,shí,O'clock,
,239,道,dào,Direction,
,240,出,chū,To go out,
,241,要,yào,Demand,
,242,于,yú,In,
,243,就,jiù,At once,
,244,下,xià,Under,
,245,得,dé,Obtain,
,246,可,kě,Can,
,247,你,nǐ,You,
,248,年,nián,Year,
,249,会,huì,Can,
,250,那,nǎ,How,
,251,后,hòu,Empress,
,252,能,néng,Can,
,253,对,duì,Couple,
,254,着,zhe,Catch,
,255,事,shì,Matter,
,256,其,qí,His,
,257,所,suǒ,Actually,
,258,去,qù,To go,
,259,过,guò,To cross,
,260,家,jiā,Furniture,
,261,发,fā,To send out,
,262,天,tiān,Day,
,263,如,rú,As (if),
,264,然,rán,Correct,
,265,作,zuò,To regard as,
,266,成,chéng,Finish,
,267,者,zhě,-ist,
,268,多,duō,Many,
,269,都,dōu,All,
,270,三,sān,Three,
,271,军,1-Jun,Army,
,272,同,tóng,Like,
,273,么,ma,(interrog. suff.),
,274,经,jīng,Classics,
,275,法,fǎ,Law,
,276,当,dāng,To be,
,277,起,qǐ,To rise,
,278,与,yú,And,
,279,好,hǎo,Good,
,280,看,kàn,To look after,
,281,学,xué,Learn,
,282,进,jìn,Advance,
,283,种,zhǒng,Kind,
,284,将,jiāng,Ready,
,285,还,hái,Also,
,286,分,fēn,To divide,
,287,此,cǐ,This,
,288,前,qián,Before,
,289,定,dìng,To set,
,290,只,zhǐ,Earth-spirit,
,291,主,zhǔ,To own,
,292,没,méi,Have not,
,293,公,gōng,Just,
,294,从,cōng,Lax,
,295,知,zhī,To know,
,296,使,shǐ,To make,
,297,部,bù,Ministry,
,298,本,běn,Roots or stems of plants,
,299,动,dòng,To use,
,300,现,xiàn,Appear,
,301,因,yīn,Cause,
,302,开,kāi,Open,
,303,些,xiē,Some,
,304,理,lǐ,Reason,
,305,长,cháng,Length,
,306,明,míng,Clear,
,307,样,yàng,Manner,
,308,意,yì,Idea,
,309,已,yǐ,Already,
,310,正,zhēng,Chinese 1st month of year,
,311,想,xiǎng,To think,
,312,实,shí,Real,
,313,把,bǎ,To hold,
,314,但,dàn,But,
,315,相,xiāng,Each other,
,316,两,liǎng,Both,
,317,民,mín,The people,
,318,她,tā,She,
,319,等,děng,Class,
,320,外,wài,Outside,
,321,第,dì,Prefix before a number (ordinal marker),
,322,问,wèn,To ask,
,323,太,tài,Highest,
,324,头,tóu,Head,
,325,情,qíng,Feeling,
,326,西,xī,West,
,327,机,jī,Machine,
,328,它,tā,It,
,329,回,huí,A time,
,330,并,bìng,And,
,331,间,jiān,Between,
,332,四,sì,Four,
,333,关,guān,Mountain pass,
,334,重,zhòng,To double,
,335,应,yīng,Ought,
,336,性,xìng,Sex,
,337,全,quán,All,
,338,点,diǎn,O'clock,
,339,东,dōng,East,
,340,由,yóu,Follow,
,341,何,hé,Carry,
,342,向,xiàng,Direction,
,343,物,wù,Thing,
,344,战,zhàn,To fight,
,345,业,yè,Business,
,346,被,bèi,By (marker for passive-voice sentences or clauses),
,347,政,zhèng,Political,
,348,内,nèi,Inside,
,349,五,wǔ,Five,
,350,及,jí,To reach,
,351,先,xiān,Early,
,352,安,ān,Content,
,353,或,huò,Maybe,
,354,利,lì,Advantage,
,355,很,hěn,Very,
,356,最,zuì,Most,
,357,书,shū,Book,
,358,制,zhì,System,
,359,美,měi,America,
,360,体,tǐ,Body,
,361,什,shén,What,
,362,新,xīn,Meso- (chem.),
,363,话,huà,Dialect,
,364,名,míng,Name,
,365,合,gě,One-tenth of a peck,
,366,加,jiā,To add,
,367,世,shì,Life,
,368,平,píng,Flat,
,369,常,cháng,Always,
,370,果,guǒ,Fruit,
,371,位,wèi,Position,
,372,信,xìn,Letter,
,373,度,dù,Capacity,
,374,产,chǎn,To reproduce,
,375,声,shēng,Sound,
,376,南,nán,South,
,377,代,dài,Substitute,
,378,处,chù,To reside,
,379,便,biàn,Ordinary,
,380,通,tōng,Go through,
,381,命,mìng,Life,
,382,特,té,Special,
,383,给,gěi,To,
,384,数,shù,To count,
,385,次,cì,Nth,
,386,海,hǎi,Ocean,
,387,今,jīn,Today,
,388,表,biǎo,Surface,
,389,原,yuán,Former,
,390,斯,sī,This,
,391,义,yì,Justice,
,392,各,gè,Each,
,393,州,zhōu,State,
,394,化,huà,To make into,
,395,任,rèn,To assign,
,396,真,zhēn,Real,
,397,才,cái,Ability,
,398,教,jiào,Teach,
,399,官,guān,Official,
,400,少,shǎo,Few,
,401,司,sī,Company,
,402,德,dé,Germany,
,403,解,jiě,To separate,
,404,神,shén,God,
,405,则,zé,Standard,
,406,必,bì,Certainly,
,407,兵,bīng,Soldiers,
,408,打,dá,Dozen,
,409,员,yuán,Person,
,410,再,zài,Again,
,411,论,lún,The Analects (of Confucius),
,412,别,bié,Leave,
,413,听,tīng,Listen,
,414,提,dī,Carry (suspended),
,415,万,wàn,Wan (surname),
,416,死,sǐ,To die,
,417,更,gèng,To change,
,418,受,shòu,To bear,
,419,百,bǎi,Hundred,
,420,做,zuò,To do,
,421,尔,ěr,Thus,
,422,即,jí,Namely,
,423,元,yuán,Dollar,
,424,报,bào,To announce,
,425,直,zhí,Straight,
,426,总,zǒng,Always,
,427,建,jiàn,To establish,
,428,夫,fū,Porter,
,429,北,běi,North,
,430,未,wèi,1-3 p.m.,
,431,张,zhāng,Open up,
,432,令,lìng,Make or cause to be,
,433,反,fǎn,Wrong side out or up,
,434,师,shī,A division (milit.),
,435,许,xǔ,To allow,
,436,条,tiáo,Measure word for long,
,437,变,biàn,To change,
,438,系,xì,Be,
,439,计,jì,To calculate,
,440,且,qiě,Further,
,441,认,rèn,To recognize,
,442,光,guāng,Light,
,443,管,guǎn,To take care (of),
,444,路,lù,Road,
,445,接,jiē,To extend,
,446,城,chéng,City walls,
,447,活,huó,To live,
,448,保,bǎo,To defend,
,449,结,jiē,Knot,
,450,题,tí,Topic,
,451,却,què,But,
,452,指,zhǐ,Finger,
,453,感,gǎn,To feel,
,454,难,nán,Difficult (to...),
,455,量,liáng,To measure,
,456,务,wù,Affair,
,457,治,zhì,To rule,
,458,取,qǔ,To take,
,459,场,chǎng,A courtyard,
,460,思,sī,To think,
,461,电,diàn,Electric,
,462,空,kōng,Air,
,463,边,biān,Side,
,464,统,tǒng,To gather,
,465,件,jiàn,A measure word for thing,
,466,期,qī,A period of time,
,467,克,kè,Gram,
,468,帝,dì,Emperor,
,469,亲,qīn,Dear,
,470,复,fù,Again,
,471,住,zhù,To live,
,472,请,qǐng,To ask,
,473,市,shì,Market,
,474,六,liù,Six,
,475,放,fàng,To release,
,476,风,fēng,Wind,
,477,资,zī,Resources,
,478,求,qiú,To seek,
,479,史,shǐ,History,
,480,形,xíng,To appear,
,481,望,wàng,Hope,
,482,传,chuán,To pass on,
,483,府,fǔ,Prefecture,
,484,眼,yǎn,Eye,
,485,领,lǐng,Neck,
,486,清,qīng,Clear,
,487,决,jué,Breach (a dyke),
,488,笑,xiào,Laugh,
,489,告,gào,To tell,
,490,叫,jiào,To (be) call(ed),
,491,队,duì,Squadron,
,492,强,qiáng,Strength,
,493,往,wǎng,To go (in a direction),
,494,区,ōu,Ou (surname),
,495,交,jiāo,To deliver,
,496,武,wǔ,Martial,
,497,达,dá,Attain,
,498,社,shè,Society,
,499,权,quán,Authority,
,500,科,kē,Branch of study,
,501,九,jiǔ,Nine,
,502,设,shè,To set up,
,503,李,lǐ,Plum,
,504,观,guān,To look at,
,505,记,jì,To remember,
,506,改,gǎi,To change,
,507,展,zhǎn,To use,
,508,字,zì,Letter,
,509,故,gù,Happening,
,510,品,pǐn,Conduct,
,511,议,yì,Criticize,
,512,象,xiàng,Shape,
,513,花,huā,Flower,
,514,七,qī,Seven,
,515,完,wán,To finish,
,516,林,lín,Woods,
,517,基,jī,Base,
,518,服,fú,Clothes,
,519,带,dài,Band,
,520,据,jū,Sickness of hand,
,521,界,jiè,Boundary,
,522,云,yún,To say,
,523,觉,jué,A nap,
,524,像,xiàng,Like,
,525,院,yuàn,Courtyard,
,526,远,yuǎn,Far,
,527,收,shōu,To receive,
,528,众,zhòng,Multitude,
,529,候,hòu,Wait,
,530,类,lèi,Kind,
,531,程,chéng,Rule,
,532,转,zhuǎn,To convey,
,533,共,gòng,All together,
,534,千,qiān,Thousand,
,535,式,shì,Type,
,536,失,shī,To lose,
,537,流,liú,To flow,
,538,每,měi,Each,
,539,该,gāi,That,
,540,朝,cháo,To face,
,541,始,shǐ,Begin,
,542,连,lián,Even,
,543,术,shù,Method,
,544,近,jìn,Near,
,545,格,gé,Frame,
,546,济,jì,Aid,
,547,运,yùn,To move,
,548,怎,zěn,How,
,549,步,bù,A step,
,550,台,tái,Surname,
,551,让,ràng,To ask,
,552,江,jiāng,River,
,553,河,hé,River,
,554,识,shí,To know,
,555,规,guī,Compass,
,556,拉,lā,To pull,
,557,切,qiē,To cut,
,558,极,jí,Extremely,
,559,持,chí,To grasp,
,560,若,ruò,To seem,
,561,英,yīng,English,
,562,争,zhēng,Struggle,
,563,功,gōng,Merit,
,564,深,shēn,Deep,
,565,备,bèi,To prepare,
,566,造,zào,To make,
,567,阳,yáng,Positive (electric.),
,568,快,kuài,Fast,
,569,集,jí,To gather,
,570,布,bù,Diffuse,
,571,尽,jǐn,To the utmost,
,572,周,zhōu,Complete,
,573,宗,zōng,School,
,574,病,bìng,Ailment,
,575,华,huá,China,
,576,称,chèn,Balanced,
,577,罗,luō,Fussy,
,578,爱,ài,To love,
,579,导,dǎo,To transmit,
,580,确,què,Authenticated,
,581,呢,ne,Woolen material,
,582,办,bàn,To do,
,583,节,jié,Festival,
,584,根,gēn,Radical (chem.),
,585,击,jī,To hit,
,586,商,shāng,Commerce,
,587,陈,chén,Arrange,
,588,兴,xīng,Flourish,
,589,京,jīng,Capital,
,590,注,zhù,To inject,
,591,虽,suī,Although,
,592,杀,shā,To kill,
,593,存,cún,Exist,
,594,准,zhǔn,To allow,
,595,乎,hū,Interrog. part.,
,596,具,jù,Tool,
,597,甚,shèn,Very,
,598,黄,huáng,Sulfur,
,599,满,mǎn,Manchurian,
,600,容,róng,To hold,
,601,单,chán,Chieftain,
,602,联,lián,To ally,
,603,调,diào,Mode (music),
,604,吃,chī,Eat,
,605,古,gǔ,Ancient,
,606,算,suàn,Regard as,
,607,坐,zuò,To sit,
,608,早,zǎo,Early,
,609,引,yǐn,To lead,
,610,须,xū,Beard,
,611,离,lí,To leave,
,612,证,zhèng,Prove,
,613,约,yāo,Weigh,
,614,组,zǔ,To form,
,615,房,fáng,House,
,616,曾,céng,Already,
,617,似,sì,To seem,
,618,易,yì,Change,
,619,随,suí,To follow,
,620,精,jīng,Energy,
,621,视,shì,To look at,
,622,尚,shàng,Still,
,623,断,duàn,Absolutely,
,624,乃,nǎi,To be,
,625,影,yǐng,Picture,
,626,除,chú,Remove,
,627,初,chū,At first,
,628,息,xī,News,
,629,守,shǒu,To guard,
,630,党,dǎng,Party,
,631,半,bàn,Half,
,632,县,xiàn,A district,
,633,轻,qīng,Light,
,634,质,zhì,Hostage,
,635,语,yǔ,Dialect,
,636,越,yuè,To exceed,
,637,况,kuàng,Moreover,
,638,举,jǔ,To lift,
,639,皇,huáng,Emperor,
,640,钱,qián,Coin,
,641,历,lì,Calendar,
,642,留,liú,Leave (message),
,643,乐,lè,Happy,
,644,章,zhāng,Chapter,
,645,照,zhào,According to,
,646,器,qì,Device,
,647,写,xiě,To write,
,648,团,tuán,Regiment,
,649,诸,zhū,All,
,650,闻,wén,Hear,
,651,亦,yì,Also,
,652,余,yú,Extra,
,653,整,zhěng,Exactly,
,654,价,jià,Price,
,655,号,háo,Roar,
,656,级,jí,Level,
,657,参,cān,Take part in,
,658,红,hóng,Bonus,
,659,阿,ā,An initial particle,
,660,消,xiāo,Consume,
,661,图,tú,Diagram,
,662,星,xīng,Star,
,663,落,là,Leave behind,
,664,礼,lǐ,Gift,
,665,营,yíng,Army,
,666,增,zēng,To increase,
,667,际,jì,Border,
,668,致,zhì,Fine and close,
,669,志,zhì,The will,
,670,夜,yè,Night,
,671,需,xū,To require,
,672,皆,jiē,All,
,673,左,zuǒ,Left,
,674,究,jiū,After all,
,675,汉,hàn,Chinese,
,676,念,niàn,Read aloud,
,677,既,jì,Already,
,678,送,sòng,To deliver,
,679,显,xiǎn,Prominent,
,680,置,zhì,To install,
,681,亚,yà,Asia,
,682,推,tuī,Push,
,683,居,jū,Reside,
,684,列,liè,To arrange,
,685,君,1-Jun,Monarch,
,686,包,bāo,To cover,
,687,技,jì,Skill,
,688,线,xiàn,Thread,
,689,弟,dì,Younger brother,
,690,客,kè,Customer,
,691,委,wēi,Crooked,
,692,终,zhōng,End,
,693,选,xuǎn,To choose,
,694,势,shì,Conditions,
,695,考,kǎo,To check,
,696,右,yòu,Right (-hand),
,697,属,shǔ,Belong to,
,698,酒,jiǔ,Wine,
,699,农,nóng,Agriculture,
,700,希,xī,Rare,
,701,破,pò,To break,
,702,谓,wèi,Speak of,
,703,喜,xǐ,To be fond of,
,704,费,fèi,To cost,
,705,谈,tán,To speak,
,706,查,chá,To research,
,707,专,zhuān,For a particular person,
,708,吗,mǎ,Morphine,
,709,找,zhǎo,To try to find,
,710,装,zhuāng,Adornment,
,711,绝,jué,Cut short,
,712,答,dā,To answer,
,713,敌,dí,Enemy,
,714,害,hài,To do harm to,
,715,密,mì,Secret,
,716,研,yán,Grind fine,
,717,刘,liú,To kill,
,718,依,yī,According to,
,719,按,àn,To press (with the hand),
,720,久,jiǔ,Time,
,721,宝,bǎo,A jewel or gem,
,722,攻,gōng,To attack,
,723,企,qǐ,Plan a project,
,724,案,àn,Case,
,725,察,chá,Examine,
,726,突,tū,To dash,
,727,倒,dǎo,To fall,
,728,局,jú,Narrow,
,729,投,tóu,To throw,
,730,愿,yuàn,Sincere,
,731,省,shěng,Frugal,
,732,欲,yù,Desire,
,733,率,lǜ,Rate,
,734,严,yán,Tight,
,735,待,dāi,Stay,
,736,归,guī,To go back,
,737,医,yī,Medical,
,738,船,chuán,A boat,
,739,奇,jī,Odd (Num),
,740,护,hù,Protect,
,741,卫,wèi,To guard,
,742,岁,suì,Year,
,743,律,lǜ,Law,
,744,标,biāo,The topmost branches of a tree,
,745,罪,zuì,Guilt,
,746,吧,bā,Dumb,
,747,群,qún,Crowd,
,748,春,chūn,Spring (time),
,749,响,xiǎng,To make a sound,
,750,仍,réng,Still,
,751,某,mǒu,Some,
,752,细,xì,Fine,
,753,承,chéng,To bear,
,754,拿,ná,To hold,
,755,施,shī,Distribute (alms),
,756,急,jí,Hurried,
,757,职,zhí,Office,
,758,另,lìng,Other,
,759,敢,gǎn,Dare,
,760,跟,gēn,To follow,
,761,讲,jiǎng,To talk,
,762,防,fáng,To protect,
,763,独,dú,Alone,
,764,责,zé,Duty,
,765,较,jiào,Clear,
,766,威,wēi,Power,
,767,苏,sū,Loquacious,
,768,双,shuāng,Two,
,769,善,shàn,Good,
,770,校,jiào,Proofread,
,771,友,yǒu,Friend,
,772,围,wéi,To circle,
,773,仅,jǐn,Barely,
,774,纪,jì,Discipline,
,775,族,zú,Race,
,776,谁,shéi,Who,
,777,惊,jīng,To start,
,778,底,de,Background,
,779,孩,hái,Child,
,780,维,wéi,To preserve,
,781,巴,bā,To hope,
,782,供,gōng,Offer (information etc.),
,783,降,jiàng,To drop,
,784,卷,juǎn,To roll (up),
,785,姐,jiě,Older sister,
,786,封,fēng,To confer,
,787,构,gòu,Broussonetia papyrifera,
,788,站,zhàn,Station,
,789,验,yàn,To examine,
,790,苦,kǔ,Bitter,
,791,差,chà,Difference,
,792,刻,kè,Quarter (hour),
,793,益,yì,Benefit,
,794,派,pài,Clique,
,795,紧,jǐn,Tight,
,796,料,liào,Material,
,797,异,yì,Raise,
,798,例,lì,Example,
,799,祖,zǔ,Ancestor,
,800,宫,gōng,Palace,
,801,乱,luàn,In confusion,
,802,素,sù,Plain,
,803,怕,pà,To be afraid,
,804,男,nán,Male,
,805,效,xiào,Imitate,
,806,般,bān,Sort,
,807,段,duàn,Paragraph,
,808,福,fú,Good fortune,
,809,银,yín,Silver,
,810,晚,wǎn,Evening,
,811,宣,xuān,To declare (publicly),
,812,游,yóu,To walk,
,813,采,cǎi,To pick,
,814,修,xiū,To decorate,
,815,娘,niáng,Mother,
,816,态,tài,Attitude,
,817,够,gòu,To reach,
,818,划,huà,To row,
,819,续,xù,Continue,
,820,境,jìng,Border,
,821,假,jiǎ,Fake,
,822,微,wēi,Micro,
,823,试,shì,To test,
,824,伤,shāng,Injure,
,825,刚,gāng,Hard,
,826,状,zhuàng,Accusation,
,827,兰,lán,Orchid,
,828,诉,sù,Complain,
,829,助,zhù,To help,
,830,征,zhēng,Attack,
,831,胜,shēng,Able to do,
,832,竟,jìng,Unexpectedly,
,833,项,xiàng,Back of neck,
,834,继,jì,To continue,
,835,爷,yé,Grandpa,
,836,疑,yí,To doubt,
,837,印,yìn,Stamp,
,838,速,sù,Fast,
,839,低,dī,To lower (one's head),
,840,室,shì,Room,
,841,退,tuì,Retreat,
,842,脸,liǎn,Face,
,843,限,xiàn,Limit,
,844,热,rè,Heat,
,845,值,zhí,Value,
,846,怀,huái,To think of,
,847,郎,láng,A youth,
,848,纳,nà,To accept,
,849,景,jǐng,Bright,
,850,执,zhí,Execute (a plan),
,851,型,xíng,Model,
,852,欢,huān,Joyous,
,853,免,miǎn,To exempt,
,854,略,luè,Plan,
,855,批,pī,To ascertain,
,856,犯,fàn,To violate,
,857,否,fǒu,To negate,
,858,灵,líng,Alert,
,859,药,yào,Medicine,
,860,射,shè,Radio- (chem.),
,861,监,jiān,Hard,
,862,织,zhī,Weave,
,863,陆,liù,Six (fraud-proof),
,864,句,jù,Sentence,
,865,孙,sūn,Grandson,
,866,兄,xiōng,Elder brother,
,867,罢,bà,To stop,
,868,劳,láo,Toil,
,869,获,huò,To catch,
,870,旧,jiù,Old (opposite of new),
,871,预,yù,To advance,
,872,忙,máng,Busy,
,873,贵,guì,Expensive,
,874,错,cuò,Mistake,
,875,树,shù,Tree,
,876,追,zhuī,Pursue (a problem),
,877,临,lín,To face,
,878,伯,bó,Father's elder brother,
,879,育,yù,Nourish,
,880,普,pǔ,General,
,881,诗,shī,Poem,
,882,副,fù,Secondary,
,883,充,chōng,Fill,
,884,永,yǒng,Forever,
,885,财,cái,Money,
,886,适,shì,To fit,
,887,圣,shèng,Holy,
,888,弹,tán,Crossball,
,889,拜,bài,To pay respect,
,890,雷,léi,Thunder,
,891,妇,fù,Woman,
,892,哪,nǎ,How,
,893,源,yuán,Root,
,894,遂,suì,Forthwith,
,895,创,chuāng,A wound,
,896,胡,hú,Beard,
,897,习,xí,To practice,
,898,负,fù,Lose,
,899,策,cè,Method,
,900,败,bài,Be defeated,
,901,宋,sòng,Name of a dynasty,
,902,御,yù,Defend,
,903,讨,tǎo,Ask for,
,904,富,fù,Rich,
,905,尼,ní,Buddhist nun,
,906,范,fàn,Pattern,
,907,球,qiú,Ball,
,908,秋,qiū,Autumn,
,909,冲,chōng,To rinse,
,910,恩,ēn,Kind act (from above),
,911,哥,gē,Elder brother,
,912,寻,xún,To search,
,913,恶,ě,Nauseated,
,914,停,tíng,To stop,
,915,良,liáng,Good,
,916,股,gǔ,Share,
,917,险,xiǎn,Danger (ous),
,918,波,bō,Wave,
,919,刺,cì,Thorn,
,920,述,shù,To state,
,921,谢,xiè,To thank,
,922,环,huán,Bracelet,
,923,莫,mò,Do not,
,924,脑,nǎo,Brain,
,925,草,cǎo,Grass,
,926,忽,hū,Suddenly,
,927,侍,shì,Attend on,
,928,静,jìng,Still,
,929,散,sǎn,Leisurely,
,930,判,pàn,To judge,
,931,养,yǎng,Give birth,
,932,积,jī,To amass,
,933,遣,qiǎn,Dispatch,
,934,怪,guài,Queer,
,935,镇,zhèn,Composed,
,936,登,dēng,Scale,
,937,遇,yù,Meet with,
,938,恐,kǒng,Afraid,
,939,唐,táng,Tang dynasty (618-907),
,940,堂,táng,Hall,
,941,诏,zhào,Imperial order,
,942,幸,xìng,Lucky,
,943,排,pái,A platoon,
,944,简,jiǎn,Simple,
,945,宁,níng,Peaceful,
,946,升,shēng,To raise,
,947,检,jiǎn,To check,
,948,铁,tiě,Iron,
,949,顾,gù,Look after,
,950,村,cūn,Village,
,951,读,dòu,Comma,
,952,挥,huī,Scatter,
,953,矣,yǐ,Final part.,
,954,冷,lěng,Cold,
,955,模,mó,Imitate,
,956,佛,fó,Buddha,
,957,杨,yáng,Poplar,
,958,梦,mèng,To dream,
,959,救,jiù,To save,
,960,阵,zhèn,Disposition of troops,
,961,哈,hā,Laughter,
,962,暗,àn,Dark,
,963,买,mǎi,Buy,
,964,督,dū,Supervise,
,965,楚,chǔ,Ancient place name,
,966,配,pèi,To join,
,967,痛,tòng,Ache,
,968,授,shòu,To teach,
,969,肯,kěn,To agree,
,970,占,zhān,To observe,
,971,楼,lóu,House with more than 1 story,
,972,呼,hū,To call,
,973,顺,shùn,To obey,
,974,阴,yīn,Overcast,
,975,吾,wú,I,
,976,奏,zòu,Present a memorial,
,977,固,gù,Hard,
,978,警,jǐng,To alert,
,979,甲,jiǎ,Armor/shell,
,980,担,dān,To undertake,
,981,妈,mā,Ma,
,982,坚,jiān,Strong,
,983,阶,jiē,Rank or step,
,984,忠,zhōng,Loyal,
,985,背,bēi,Carry on one's back,
,986,姓,xìng,Surname,
,987,索,suǒ,To search,
,988,穿,chuān,To bore through,
,989,吴,wú,Province of Jiangsu,
,990,凡,fán,Ordinary,
,991,吉,jí,Lucky,
,992,激,jī,To arouse,
,993,审,shěn,To examine,
,994,剑,jiàn,Sword,
,995,层,céng,A measure word for layers,
,996,洲,zhōu,Continent,
,997,脚,jiǎo,A kick,
,998,乡,xiāng,Country,
,999,沙,shā,Granule,
,1000,托,tuō,To hold in one's hand,
,1001,奉,fèng,To receive (from superior),
,1002,沉,chén,Submerge,
,1003,亡,wáng,To die,
,1004,康,kāng,Peaceful,
,1005,宜,yí,Proper,
,1006,超,chāo,To exceed,
,1007,谋,móu,To plan,
,1008,演,yǎn,To develop,
,1009,协,xié,Cooperate,
,1010,湖,hú,Lake,
,1011,姑,gū,Paternal aunt,
,1012,赵,zhào,Surname,
,1013,付,fù,Pay,
,1014,班,bān,Team,
,1015,招,zhāo,Provoke,
,1016,夏,xià,Summer,
,1017,掌,zhǎng,In charge of,
,1018,减,jiǎn,To lower,
,1019,伊,yī,He,
,1020,妻,qī,Wife,
,1021,鲁,lǔ,Crass,
,1022,野,yě,Field,
,1023,释,shì,Explain,
,1024,亮,liàng,Light,
,1025,顿,dùn,A time,
,1026,录,lù,To record,
,1027,丁,dīng,4th heavenly stem,
,1028,移,yí,To move,
,1029,危,wēi,Danger,
,1030,税,shuì,Taxes,
,1031,座,zuò,Seat,
,1032,优,yōu,Excellent,
,1033,烈,liè,Ardent,
,1034,卡,kǎ,To check,
,1035,丽,lí,Korea,
,1036,遗,yí,To lose,
,1037,画,huà,Draw,
,1038,屋,wū,House,
,1039,您,nín,You (formal),
,1040,慢,màn,Slow,
,1041,露,lù,To show,
,1042,啊,ā,Ah,
,1043,端,duān,End,
,1044,徒,tú,Apprentice,
,1045,坏,huài,Bad,
,1046,杂,zá,Mixed,
,1047,渐,jiān,Imbue,
,1048,藏,cáng,To hide away,
,1049,压,yā,To press,
,1050,贼,zéi,Thief,
,1051,温,wēn,Warm,
,1052,卿,qīng,Minister,
,1053,帮,bāng,To assist,
,1054,松,sōng,Loose,
,1055,换,huàn,Change,
,1056,侯,hóu,Marquis,
,1057,抗,kàng,To resist,
,1058,午,wǔ,11 a.m.-1 p.m.,
,1059,郡,jùn,Canton,
,1060,洋,yáng,Foreign,
,1061,席,xí,Banquet,
,1062,艺,yì,Skill,
,1063,禁,jīn,Endure,
,1064,赶,gǎn,To catch up,
,1065,申,shēn,3-5 p.m.,
,1066,仙,xiān,Immortal,
,1067,误,wù,Mistake,
,1068,钟,zhōng,Clock,
,1069,块,kuāi,Piece,
,1070,饭,fàn,Food,
,1071,迎,yíng,To welcome,
,1072,货,huò,Goods,
,1073,补,bǔ,To repair,
,1074,博,bó,Extensive,
,1075,智,zhì,Wisdom,
,1076,仁,rén,Humane,
,1077,款,kuǎn,Section,
,1078,毕,bì,The whole of,
,1079,延,yán,To prolong,
,1080,隐,yǐn,Secret,
,1081,私,sī,Personal,
,1082,附,fù,To add,
,1083,骑,qí,To ride (an animal or bike),
,1084,郑,zhèng,Surname,
,1085,殿,diàn,Palace hall,
,1086,叶,yè,Leaf,
,1087,虎,hǔ,Tiger,
,1088,载,zǎi,Year,
,1089,航,háng,Boat,
,1090,控,kòng,To accuse,
,1091,刑,xíng,Punishment,
,1092,荣,róng,Glory,
,1093,央,yāng,Beg,
,1094,概,gài,General,
,1095,庄,zhuāng,Farm,
,1096,岛,dǎo,Island,
,1097,脱,tuō,To shed,
,1098,介,jiè,Introduce,
,1099,盖,gài,Lid,
,1100,序,xù,Order,
,1101,秦,qín,Name of a dynasty,
,1102,庭,tíng,Court,
,1103,词,cí,Works,
,1104,睡,shuì,To sleep,
,1105,召,shào,Name of an ancient state,
,1106,怒,nù,Indignant,
,1107,枪,qiāng,Gun,
,1108,跑,pǎo,To run,
,1109,虑,lǜ,Anxiety,
,1110,靠,kào,Depend upon,
,1111,味,wèi,Taste,
,1112,献,xiàn,To offer,
,1113,曲,qǔ,Bent,
,1114,笔,bǐ,Pen,
,1115,雪,xuě,Snow,
,1116,份,fèn,Copy (of newspaper,
,1117,仪,yí,Apparatus,
,1118,困,kǔn,A bunch,
,1119,庆,qìng,Celebrate,
,1120,旁,páng,Beside,
,1121,互,hù,Mutual,
,1122,灭,miè,Extinguish,
,1123,梁,liáng,Beam of roof,
,1124,园,yuán,Garden,
,1125,评,píng,To discuss,
,1126,短,duǎn,Lack,
,1127,编,biān,Weave,
,1128,探,tàn,To explore,
,1129,歌,gē,Song,
,1130,乘,chéng,Ride,
,1131,蒙,mēng,Deceive,
,1132,欧,ōu,Europe,
,1133,洛,luò,Name of a river,
,1134,烟,yān,Cigarette,
,1135,尊,zūn,To honor,
,1136,休,xiū,To rest,
,1137,朋,péng,Friend,
,1138,典,diǎn,Canon,
,1139,架,jià,To support,
,1140,犹,yóu,Jew,
,1141,徐,xú,Slow,
,1142,秘,mì,Secret,
,1143,逃,táo,To escape,
,1144,核,hé,Nuclear,
,1145,雄,xióng,Heroic,
,1146,版,bǎn,A register,
,1147,勒,lè,Rein in,
,1148,泽,zé,Beneficence,
,1149,掉,diào,To drop,
,1150,魏,wèi,Name of a dynasty,
,1151,缺,quē,Lack,
,1152,均,jūn,Equal,
,1153,摇,yáo,Shake,
,1154,喝,hē,My goodness,
,1155,敬,jìng,To respect,
,1156,卖,mài,To sell,
,1157,损,sǔn,To damage,
,1158,卒,cù,Abruptly,
,1159,括,kuò,Enclose,
,1160,域,yù,Field,
,1161,迁,qiān,To move,
,1162,测,cè,Side,
,1163,虚,xū,Devoid of content,
,1164,逐,zhú,To pursue,
,1165,毫,háo,Hair,
,1166,避,bì,Avoid,
,1167,借,jiè,To lend,
,1168,辞,cí,Bid farewell,
,1169,额,é,Volume,
,1170,岸,àn,Bank,
,1171,赐,cì,Confer,
,1172,予,yú,"I, to give",
,1173,舍,shě,Give up,
,1174,洞,dòng,Cave,
,1175,扬,yáng,Hurl,
,1176,湾,wān,Bay,
,1177,馆,guǎn,House,
,1178,舰,jiàn,Warship,
,1179,盛,chéng,To hold,
,1180,巨,jù,Very large,
,1181,板,bǎn,Board,
,1182,材,cái,Material,
,1183,鲜,xiān,Fresh,
,1184,输,shū,To transport,
,1185,遍,biàn,A time,
,1186,含,hán,To keep,
,1187,择,zé,To select,
,1188,秀,xiù,Handsome,
,1189,毒,dú,Poison,
,1190,篇,piān,Sheet,
,1191,兼,jiān,Double,
,1192,婚,hūn,To marry,
,1193,呀,yā,Final part.,
,1194,妹,mèi,Younger sister,
,1195,伦,lún,Human relationship,
,1196,访,fǎng,Inquire,
,1197,陵,líng,Mound,
,1198,弄,lòng,Lane,
,1199,诚,chéng,Honest,
,1200,炮,pào,Cannon,
,1201,盘,pán,Big,
,1202,旅,lǚ,Trip,
,1203,店,diàn,Inn,
,1204,销,xiāo,To melt,
,1205,疾,jí,Sickness,
,1206,俄,é,Suddenly,
,1207,末,mò,End,
,1208,贤,xián,Worthy (person),
,1209,孝,xiào,Filial,
,1210,哭,kū,To cry,
,1211,床,chuáng,Bed,
,1212,吏,lì,Minor official,
,1213,健,jiàn,Healthy,
,1214,朱,zhū,Vermilion,
,1215,戏,xì,Trick,
,1216,票,piào,Bank note,
,1217,晋,jìn,Name of a dynasty,
,1218,韩,hán,South Korea,
,1219,岂,qǐ,How can it be that,
,1220,迹,jī,Footprint,
,1221,伏,fú,Conceal (ambush),
,1222,忘,wàng,To forget,
,1223,剧,jù,Drama,
,1224,奔,bēn,To hurry or rush,
,1225,顶,dǐng,Go against,
,1226,油,yóu,Oil,
,1227,跳,tiào,Jump,
,1228,弃,qì,Abandon,
,1229,睛,jīng,Eye,
,1230,彼,bǐ,That,
,1231,厚,hòu,Generous,
,1232,练,liàn,To practice,
,1233,暴,bào,Sudden,
,1234,训,xùn,Example,
,1235,丝,sī,Silk,
,1236,纸,zhǐ,Paper,
,1237,珠,zhū,Bead,
,1238,尤,yóu,Outstanding,
,1239,丈,zhàng,Ten feet,
,1240,束,shù,Bunch,
,1241,唯,wéi,Err:509,
,1242,嘴,zuǐ,Mouth,
,1243,港,gǎng,Harbor,
,1244,吸,xī,To breathe,
,1245,孔,kǒng,Hole,
,1246,弱,ruò,Weak,
,1247,折,zhé,Broken (as of rope,
,1248,灯,dēng,Lamp,
,1249,震,zhèn,Shake,
,1250,替,tì,To substitute for,
,1251,诺,nuò,To promise,
,1252,翻,fān,Flit about,
,1253,塞,sāi,Stop up,
,1254,梅,méi,Plum flower,
,1255,舞,wǔ,To dance,
,1256,丹,dān,Red,
,1257,赞,zàn,To praise,
,1258,遭,zāo,A time,
,1259,廷,tíng,Palace courtyard,
,1260,熟,shú,Familiar,
,1261,雅,yǎ,Elegant,
,1262,疗,liáo,To treat,
,1263,婆,pó,Grandmother,
,1264,庙,miào,Temple,
,1265,库,kù,Warehouse,
,1266,袭,xí,Inherit,
,1267,叔,shū,Uncle in direct address,
,1268,尝,cháng,Indicator of past tense,
,1269,凤,fèng,Phoenix,
,1270,侵,qīn,To invade,
,1271,赏,shǎng,Enjoy the beauty of,
,1272,抚,fǔ,To comfort,
,1273,忍,rěn,To beat,
,1274,醒,xǐng,To wake up,
,1275,默,mò,Silent,
,1276,拥,yōng,Gather round,
,1277,迫,pò,To force,
,1278,绿,lǜ,Green,
,1279,奥,ào,Obscure,
,1280,勇,yǒng,Brave,
,1281,街,jiē,Street,
,1282,昌,chāng,Prosperous,
,1283,缘,yuán,Along,
,1284,累,lèi,Cumbersome,
,1285,轮,lún,Wheel,
,1286,抱,bào,To hold,
,1287,窗,chuāng,Shutter,
,1288,抓,zhuā,To grab,
,1289,废,fèi,Abolish,
,1290,冰,bīng,Ice,
,1291,振,zhèn,Rouse,
,1292,童,tóng,Boy,
,1293,丰,fēng,Buxom,
,1294,玩,wán,Curios,
,1295,宽,kuān,Lenient,
,1296,萨,sà,Bodhisattva,
,1297,夺,duó,Rob,
,1298,杜,dù,Fabricate,
,1299,焉,yān,Where,
,1300,潜,qián,Hidden,
,1301,趣,qù,Interesting,
,1302,抵,dǐ,Hold up,
,1303,隆,lōng,Sound of drums,
,1304,符,fú,Mark,
,1305,乌,wū,A crow,
,1306,役,yì,Service,
,1307,俱,jū,Entirely,
,1308,伙,huǒ,Assistant,
,1309,炸,zhá,Fry,
,1310,塔,tǎ,Pagoda,
,1311,罚,fá,To punish,
,1312,茶,chá,Tea,
,1313,坦,tǎn,Flat,
,1314,彩,cǎi,Color,
,1315,曹,cáo,A company,
,1316,泰,tài,Safe,
,1317,叹,tàn,To sigh,
,1318,础,chǔ,Foundation,
,1319,途,tú,Way,
,1320,奶,nǎi,Breast,
,1321,寒,hán,Cold,
,1322,残,cán,Destroy,
,1323,寿,shòu,Life,
,1324,患,huàn,Misfortune,
,1325,奴,nú,Slave,
,1326,晓,xiǎo,Dawn,
,1327,恨,hèn,To hate,
,1328,悲,bēi,Sad,
,1329,猛,měng,Ferocious,
,1330,圆,yuán,Circle,
,1331,缓,huǎn,Slow,
,1332,冬,dōng,Winter,
,1333,丧,sāng,Mourning,
,1334,帅,shuài,Handsome,
,1335,软,ruǎn,Soft,
,1336,握,wò,Shake hands,
,1337,纵,zōng,Vertical,
,1338,巡,xún,To patrol,
,1339,筑,zhú,Build,
,1340,饮,yǐn,Drink,
,1341,崇,chóng,High,
,1342,贾,gǔ,Merchant,
,1343,洪,hóng,Flood,
,1344,耶,yē,Final part.,
,1345,操,cāo,To hold,
,1346,烧,shāo,To burn,
,1347,妙,miào,Clever,
,1348,赛,sài,To compete,
,1349,摆,bǎi,Pendulum,
,1350,尉,wèi,Milit. official,
,1351,宇,yǔ,Room,
,1352,稳,wěn,Settled,
,1353,惟,wéi,#NAME?,
,1354,粮,liáng,Provisions,
,1355,森,sēn,Forest,
,1356,绍,shào,Connect,
,1357,陷,xiàn,To fall,
,1358,杰,jié,Hero,
,1359,偏,piān,One-sided,
,1360,孤,gū,Lone,
,1361,违,wéi,To disobey,
,1362,悉,xī,In all cases,
,1363,毁,huǐ,To destroy,
,1364,援,yuán,To help,
,1365,纯,chún,Pure,
,1366,巧,qiǎo,Opportunely,
,1367,横,héng,Horizontal,
,1368,迷,mí,Bewilder,
,1369,爸,bà,Father,
,1370,旨,zhǐ,Imperial decree,
,1371,闲,xián,To stay idle,
,1372,俗,sú,Vulgar,
,1373,番,fān,Deeds,
,1374,季,jì,Season,
,1375,聚,jù,Form gathering,
,1376,亿,yì,A hundred million,
,1377,套,tào,To cover,
,1378,灾,zāi,Disaster,
,1379,泪,lèi,Tears,
,1380,忧,yōu,Worried,
,1381,狂,kuáng,Conceited,
,1382,喊,hǎn,Call,
,1383,戴,dài,To put on,
,1384,纷,fēn,Numerous,
,1385,透,tòu,To penetrate,
,1386,蒋,jiǎng,Surname,
,1387,析,xī,To separate,
,1388,浪,làng,Wave,
,1389,盟,méng,Oath,
,1390,薄,báo,Mean,
,1391,殊,shū,Unique,
,1392,阻,zǔ,To hinder,
,1393,竞,jìng,To compete,
,1394,旗,qí,Banner,
,1395,闪,shǎn,Flash,
,1396,柳,liǔ,Willow,
,1397,姆,mǔ,Governess,
,1398,扩,kuò,Enlarge,
,1399,允,yǔn,Just,
,1400,驾,jià,To drive,
,1401,混,hún,Confused,
,1402,僧,sēng,Monk,
,1403,植,zhí,To plant,
,1404,哲,zhé,Philosophy,
,1405,穷,qióng,Exhausted,
,1406,埃,āi,Dirt,
,1407,旦,dàn,Dawn,
,1408,伟,wěi,Big,
,1409,桥,qiáo,Bridge,
,1410,珍,zhēn,Precious thing,
,1411,促,cù,To hurry,
,1412,嘉,jiā,Excellent,
,1413,烦,fán,Feel vexed,
,1414,燕,yān,Place name,
,1415,祭,jì,Offer sacrifice,
,1416,墙,qiáng,Wall,
,1417,径,jìng,Path,
,1418,购,gòu,To buy,
,1419,拍,pāi,To clap,
,1420,尺,chǐ,A Chinese foot (M),
,1421,伸,shēn,To stretch,
,1422,仲,zhòng,2nd in seniority,
,1423,挂,guà,Hang,
,1424,币,bì,Money,
,1425,洗,xǐ,To wash,
,1426,贫,pín,Poor,
,1427,启,qǐ,To open,
,1428,距,jù,At a distance of,
,1429,劝,quàn,To advise,
,1430,盗,dào,Steal,
,1431,努,nǔ,To exert,
,1432,桌,zhuō,Table,
,1433,仆,pū,Fall prostrate,
,1434,染,rǎn,To catch (a disease),
,1435,厅,tīng,Hall,
,1436,针,zhēn,Injection,
,1437,疏,shū,Negligent,
,1438,贸,mào,Commerce,
,1439,荒,huāng,Out of practice,
,1440,裁,cái,Cut out (as a dress),
,1441,迅,xùn,Rapid,
,1442,阁,gé,Council-chamber,
,1443,惠,huì,Favor,
,1444,迟,chí,Late,
,1445,沿,yán,Along,
,1446,享,xiǎng,Enjoy,
,1447,闭,bì,To close,
,1448,侧,cè,The side,
,1449,拔,bá,Pull up,
,1450,贡,gòng,Tribute,
,1451,凶,xiōng,Fierce,
,1452,捕,bǔ,To catch,
,1453,唱,chàng,Sing,
,1454,措,cuò,Put in order,
,1455,丞,chéng,Deputy,
,1456,抽,chōu,To draw out,
,1457,课,kè,Subject,
,1458,闹,nào,Make noise or disturbance,
,1459,尾,wěi,Tail,
,1460,络,lào,Small net,
,1461,杯,bēi,Cup,
,1462,衡,héng,To weigh,
,1463,翼,yì,Wing,
,1464,汝,rǔ,Thou,
,1465,稍,shāo,Somewhat,
,1466,愈,yù,Heal,
,1467,蓝,la,Kohlrabi,
,1468,颜,yán,Color,
,1469,邪,xié,Demonical,
,1470,瑞,ruì,Lucky,
,1471,丑,chǒu,2nd Earthly Branch,
,1472,宿,sù,Lodge for the night,
,1473,壁,bì,Wall,
,1474,芳,fāng,Fragrant,
,1475,售,shòu,To sell,
,1476,倾,qīng,To overturn,
,1477,咱,zá,We (incl.),
,1478,冒,mào,Brave,
,1479,宾,bīn,Visitor,
,1480,魔,mó,Devil,
,1481,摩,mó,Rub,
,1482,硬,yìng,Hard,
,1483,署,shǔ,Office,
,1484,寺,sì,Buddhist temple,
,1485,牌,pái,Cards,
,1486,恰,qià,Exactly,
,1487,魂,hún,Soul,
,1488,偷,tōu,To steal,
,1489,紫,zǐ,Purple,
,1490,淮,huái,Name of a river,
,1491,弗,fú,Not,
,1492,菜,cài,Dish (type of food),
,1493,莱,lái,Chenopodium album,
,1494,涉,shè,Involve,
,1495,驻,zhù,Resident in,
,1496,狱,yù,Prison,
,1497,孟,mèng,First month,
,1498,昭,zhāo,Illustrious,
,1499,吹,chuī,To blow,
,1500,镜,jìng,Mirror,
,1501,狗,gǒu,Dog,
,1502,融,róng,Harmonious,
,1503,拒,jù,To resist,
,1504,渡,dù,To cross,
,1505,骸,hái,Bones of the body,
,1506,惧,jù,To fear,
,1507,肃,sù,Gansu,
,1508,培,péi,To cultivate,
,1509,冠,guān,Hat,
,1510,彻,chè,Pervade,
,1511,井,jǐng,Warn,
,1512,俊,jùn,Smart,
,1513,骂,mà,Scold,
,1514,触,chù,Knock against,
,1515,订,dìng,To agree,
,1516,赖,lài,Disclaim,
,1517,怨,yuàn,Blame,
,1518,搞,gǎo,To do,
,1519,仰,yǎng,Look up,
,1520,恭,gōng,Respectful,
,1521,隔,gé,To separate,
,1522,爵,jué,Nobility,
,1523,朗,lǎng,Clear,
,1524,详,xiáng,Detailed,
,1525,译,yì,To translate,
,1526,净,jìng,Clean,
,1527,枝,zhī,Branch,
,1528,繁,fán,Complicated,
,1529,侠,xiá,Heroic,
,1530,浮,fú,To float,
,1531,奋,fèn,Exert oneself,
,1532,汇,huì,Remit,
,1533,暂,zàn,Temporarily,
,1534,吕,lǚ,Surname,
,1535,奖,jiǎng,Prize,
,1536,幽,yōu,Quiet,
,1537,垂,chuí,To hang (down),
,1538,耐,nài,To be unbearable,
,1539,津,jīn,Tianjin,
,1540,宪,xiàn,Statute,
,1541,眉,méi,Eyebrow,
,1542,戒,jiè,Swear off,
,1543,啦,lā,Auxiliary mood particle,
,1544,签,qiān,Sign one's name,
,1545,邦,bāng,A state,
,1546,宰,zǎi,Slaughter,
,1547,颇,pō,Quite,
,1548,讯,xùn,To question,
,1549,伴,bàn,A partner,
,1550,壮,zhuàng,To strengthen,
,1551,灰,huī,Gray,
,1552,帐,zhàng,Account,
,1553,昨,zuó,Yesterday,
,1554,厉,lì,Severe,
,1555,籍,jí,Record,
,1556,贯,guàn,Pierce,
,1557,贺,hè,Congratulate,
,1558,惯,guàn,Accustomed to,
,1559,挑,tiāo,Carry on a pole,
,1560,鸡,jī,Fowl,
,1561,奈,nài,How can one help,
,1562,伐,fá,Cut down; fell,
,1563,偶,ǒu,Accidental,
,1564,惜,xī,Pity,
,1565,胆,dǎn,The gall,
,1566,陛,bì,The steps to the throne,
,1567,淡,dàn,Insipid,
,1568,旋,xuán,Revolve,
,1569,沈,chén,Sink,
,1570,懂,dǒng,To understand,
,1571,凭,píng,Lean against,
,1572,辈,bèi,Contemporaries,
,1573,岳,yuè,Mountain,
,1574,障,zhàng,To block,
,1575,倍,bèi,-fold,
,1576,仇,chóu,Hatred,
,1577,萧,xiāo,Mournful,
,1578,辩,biàn,Dispute,
,1579,曼,màn,Handsome,
,1580,妖,yāo,Goblin,
,1581,赋,fù,Poetic essay,
,1582,卢,lú,Surname,
,1583,抬,tái,To lift,
,1584,仿,fǎng,To imitate,
,1585,债,zhài,Debt,
,1586,赴,fù,Go towards,
,1587,泉,quán,Fountain,
,1588,汽,qì,Steam,
,1589,幕,mù,Stage curtain,
,1590,播,bō,Sow,
,1591,恢,huī,To restore,
,1592,奸,jiān,Traitor,
,1593,零,líng,Remnant,
,1594,潮,cháo,Tide,
,1595,呆,dāi,Foolish,
,1596,朔,shuò,Beginning,
,1597,刊,kān,To print,
,1598,禄,lù,Good fortune,
,1599,桑,sāng,Mulberry tree,
,1600,汤,tāng,Soup,
,1601,鸣,míng,To cry (of birds),
,1602,幼,yòu,Young,
,1603,悄,qiǎo,Quiet,
,1604,撤,chè,Remove,
,1605,斩,zhǎn,Behead,
,1606,炎,yán,Flame,
,1607,箭,jiàn,Arrow,
,1608,慈,cí,Compassionate,
,1609,荡,dàng,A pond,
,1610,泛,fàn,Broad,
,1611,郭,guō,Outer city wall,
,1612,缩,suō,To withdraw,
,1613,扶,fú,To support with hand,
,1614,艾,ài,Artemisia vulgaris,
,1615,赠,zèng,Give present,
,1616,玛,mǎ,Agate,
,1617,昏,hūn,Muddle-headed,
,1618,映,yìng,Reflect,
,1619,腰,yāo,Waist,
,1620,晨,chén,Morning,
,1621,豪,háo,Grand,
,1622,貌,mào,Appearance,
,1623,赫,hè,Awe-inspiring,
,1624,描,miáo,Depict,
,1625,岩,yán,Cliff,
,1626,袋,dài,A pouch,
,1627,胸,xiōng,Chest,
,1628,池,chí,Pond,
,1629,勤,qín,Diligent,
,1630,祥,xiáng,Auspicious,
,1631,穆,mù,Solemn,
,1632,粗,cū,Coarse,
,1633,裂,liè,Crack,
,1634,荷,hé,Lotus,
,1635,凉,liáng,Cool,
,1636,症,zhēng,Obstruction of bowels,
,1637,汗,hàn,Perspiration,
,1638,贞,zhēn,Chaste,
,1639,彭,péng,Surname,
,1640,敏,mǐn,Keen,
,1641,寄,jì,Lodge at,
,1642,租,zū,Rent,
,1643,爆,bào,To crack,
,1644,哀,āi,Sorrow,
,1645,润,rùn,Smooth,
,1646,舒,shū,Relax,
,1647,腿,tuǐ,Leg,
,1648,册,cè,Book,
,1649,轰,hōng,Explosion,
,1650,掩,yǎn,Cover up,
,1651,祝,zhù,Invoke,
,1652,祸,huò,Disaster,
,1653,摸,mō,Feel with the hand,
,1654,忆,yì,Remember,
,1655,偿,cháng,To compensate,
,1656,抢,qiāng,Against wind,
,1657,怜,lián,To pity,
,1658,摄,shè,Assist,
,1659,牧,mù,Shepherd,
,1660,丙,bǐng,The third of the ten heavenly stems,
,1661,绪,xù,Beginnings,
,1662,逼,bī,Close to,
,1663,傅,fù,Tutor,
,1664,乏,fá,Short of,
,1665,堆,duī,A pile,
,1666,庚,gēng,7th heavenly stem,
,1667,辅,fǔ,To assist,
,1668,瞧,qiáo,Look at,
,1669,尖,jiān,Point (of needle),
,1670,董,dǒng,Supervise,
,1671,惑,huò,Confuse,
,1672,扰,rǎo,Disturb,
,1673,趋,qū,To hasten,
,1674,黎,lí,Black,
,1675,哉,zāi,Exclamatory or interrog. part.,
,1676,佳,jiā,Excellent,
,1677,返,fǎn,To return (to),
,1678,阅,yuè,Peruse,
,1679,屈,qū,Bent,
,1680,吐,tǔ,To spit,
,1681,薛,xuē,Wormwood,
,1682,圈,juān,To confine,
,1683,扫,sǎo,To sweep,
,1684,驱,qū,To expel,
,1685,墨,mò,China ink,
,1686,碎,suì,To break down,
,1687,吓,xià,To frighten,
,1688,估,gū,Estimate,
,1689,劲,jìn,Strength,
,1690,锦,jǐn,Brocade,
,1691,慰,wèi,Reassure,
,1692,肩,jiān,Shoulder,
,1693,醉,zuì,Intoxicated,
,1694,剩,shèng,Have as remainder,
,1695,逆,nì,Contrary,
,1696,盐,yán,Salt,
,1697,邓,dèng,Deng (Xiaoping),
,1698,递,dì,To hand over,
,1699,粉,fěn,Dust,
,1700,牵,qiān,Lead along,
,1701,辽,liáo,Liaoning,
,1702,遵,zūn,To observe,
,1703,陶,táo,Pottery,
,1704,翰,hàn,Pen,
,1705,寇,kòu,Bandit,
,1706,悦,yuè,Pleased,
,1707,唤,huàn,To call,
,1708,遥,yáo,Distant,
,1709,艘,sāo,Measure word for warships (Taiwan pronunciation),
,1710,扎,zhā,To tie,
,1711,乾,gān,Dry,
,1712,叛,pàn,To betray,
,1713,碰,pèng,To touch,
,1714,污,wū,See 污,
,1715,伍,wǔ,Associate with,
,1716,叙,xù,Narrate,
,1717,峰,fēng,Peak,
,1718,饰,shì,Adorn,
,1719,佩,pèi,To respect,
,1720,绕,rào,Go around,
,1721,溃,kuì,Be dispersed,
,1722,慌,huāng,Nervous,
,1723,糊,hú,Muddled,
,1724,匹,pī,Mate,
,1725,伪,wěi,False,
,1726,腹,fù,Abdomen,
,1727,挺,tǐng,Be straight and stiff,
,1728,幻,huàn,Fantasy,
,1729,辑,jí,Gather up,
,1730,撒,sā,Let go,
,1731,贴,tiē,To stick,
,1732,泥,ní,Mud,
,1733,媒,méi,Medium,
,1734,壬,rén,9th heavenly stem,
,1735,慧,huì,Intelligent,
,1736,仔,zī,Duty,
,1737,葬,zàng,Bury (the dead),
,1738,胞,bāo,The placenta,
,1739,乞,qǐ,Beg,
,1740,亭,tíng,Pavilion,
,1741,尘,chén,Dust,
,1742,码,mǎ,A weight,
,1743,欣,xīn,Happy,
,1744,邻,lín,Neighbor,
,1745,恋,liàn,Feel attached to,
,1746,辆,liàng,A measure word for vehicles,
,1747,焦,jiāo,Burnt,
,1748,嗣,sì,To connect,
,1749,乔,qiáo,Tall,
,1750,呈,chéng,To assume (a form),
,1751,霍,huò,Cholera,
,1752,拟,nǐ,Plan to,
,1753,箱,xiāng,Box,
,1754,跃,yuè,To jump,
,1755,仗,zhàng,Battle,
,1756,莲,lián,Lotus,
,1757,覆,fù,To cover,
,1758,锁,suǒ,To lock up,
,1759,咸,xián,All,
,1760,铺,pū,To spread,
,1761,陪,péi,To accompany,
,1762,爬,pá,Crawl,
,1763,戊,wù,5th heavenly stem,
,1764,勿,wù,Do not,
,1765,飘,piāo,To float,
,1766,仓,cāng,Barn,
,1767,诛,zhū,Execute,
,1768,漫,màn,Free,
,1769,夷,yí,A barbarian,
,1770,悟,wù,Comprehend,
,1771,撰,zhuàn,Compose,
,1772,愤,fèn,Indignant,
,1773,辉,huī,Bright,
,1774,滑,gǔ,Comical,
,1775,幅,fú,Width,
,1776,廉,lián,Incorrupt,
,1777,宅,zhái,Residence,
,1778,丘,qiū,Confucius,
,1779,寅,yín,3-5 a.m.,
,1780,艇,tǐng,Small boat,
,1781,谕,yù,Order (from above),
,1782,柔,róu,Soft,
,1783,迪,dí,Direct,
,1784,弥,mí,Full,
,1785,扑,pū,To rush at,
,1786,撞,zhuàng,To hit,
,1787,胁,xié,Side of body,
,1788,荆,jīng,Thorns,
,1789,蛋,dàn,Egg,
,1790,巳,sì,6th earthly branch,
,1791,频,pín,Frequency,
,1792,唬,hǔ,Intimidate,
,1793,矿,kuàng,Ore,
,1794,契,qì,Contract,
,1795,腾,téng,To soar,
,1796,插,chā,Insert,
,1797,碍,ài,To hinder,
,1798,储,chǔ,Savings,
,1799,锋,fēng,Point or edge of a tool,
,1800,龄,líng,Age,
,1801,盾,dùn,Shield,
,1802,兽,shòu,Beast,
,1803,洁,jié,Clean,
,1804,桃,táo,Peach,
,1805,朕,zhèn,I,
,1806,袁,yuán,Surname,
,1807,餐,cān,Eat,
,1808,惨,cǎn,Miserable,
,1809,绩,jī,Merit,
,1810,儒,rú,Scholar,
,1811,馀,yú,Remainder,
,1812,谏,jiàn,Admonish,
,1813,磨,mó,To sharpen,
,1814,搜,sōu,To search,
,1815,拖,tuō,Dragging (brush stroke in painting),
,1816,勃,bó,Flourishing,
,1817,诊,zhěn,Examine or treat medically,
,1818,豫,yù,Beforehand,
,1819,骗,piàn,To cheat,
,1820,聪,cōng,Quick at hearing,
,1821,酸,suān,Sour,
,1822,屯,tún,To station (soldiers),
,1823,综,zōng,To sum up,
,1824,堡,bǎo,An earthwork,
,1825,亏,kuī,Deficiency,
,1826,牢,láo,Firm,
,1827,鉴,jiàn,Example,
,1828,凯,kǎi,Triumphant,
,1829,昔,xī,Past,
,1830,颗,kē,Measure word for small spheres,
,1831,殖,zhí,Grow,
,1832,慎,shèn,Cautious,
,1833,癸,guǐ,10th heavenly stem,
,1834,柱,zhù,Pillar,
,1835,甫,fǔ,Just,
,1836,袖,xiù,Sleeve,
,1837,宴,yàn,Feast,
,1838,衰,cuī,Mourning garments,
,1839,琴,qín,Mus. instr.,
,1840,铜,tóng,Copper,
,1841,苍,cāng,Dark blue,
,1842,菲,fēi,Rich,
,1843,液,yè,Liquid,
,1844,桂,guì,Cinnamonum cassia,
,1845,愚,yú,Stupid,
,1846,励,lì,Exhort,
,1847,夹,jiā,Clip,
,1848,歇,xiē,To rest,
,1849,拾,shí,Pick up,
,1850,翠,cuì,Bluish-green,
,1851,堪,kān,Endure,
,1852,踪,zōng,Footprint,
,1853,割,gē,Cut off,
,1854,疲,pí,Weary,
,1855,宙,zhòu,Universe,
,1856,掠,luè,Plunder,
,1857,滚,gǔn,To boil,
,1858,腊,là,Preserved (meat),
,1859,埋,mái,Bury,
,1860,佐,zuǒ,Assist,
,1861,欺,qī,Take unfair advantage of,
,1862,卯,mǎo,4th earthly branch,
,1863,亥,hài,12th earthly branch,
,1864,捉,zhuō,To clutch,
,1865,妃,fēi,Imperial concubine,
,1866,谨,jǐn,Cautious,
,1867,蛇,shé,Snake,
,1868,狄,dí,Barbarians,
,1869,贪,tān,Greedy,
,1870,厌,yàn,Loathe,
,1871,蒂,dì,Stem (of fruit),
,1872,耍,shuǎ,Play with,
,1873,帕,pà,Handkerchief,
,1874,截,jié,A section,
,1875,蔡,cài,Surname,
,1876,柏,bǎi,Cedar,
,1877,券,quàn,Deed,
,1878,哩,lī,Mile,
,1879,鸿,hóng,Eastern bean goose,
,1880,敦,dūn,Kind-hearted,
,1881,溪,qī,Creek,
,1882,蛮,mán,Barbarian,
,1883,裕,yù,Abundant,
,1884,朵,duǒ,M for flowers,
,1885,匆,cōng,Hurried,
,1886,秩,zhì,Order,
,1887,庶,shù,Ordinary,
,1888,猎,liè,Hunting,
,1889,猜,cāi,To guess,
,1890,沟,gōu,Ditch,
,1891,涂,tú,To smear,
,1892,弘,hóng,Great,
,1893,崔,cuī,High mountain,
,1894,逊,xùn,To yield,
,1895,劫,jié,Plunder,
,1896,跌,diē,To drop,
,1897,荐,jiàn,Recommend (a person),
,1898,寨,zhài,Stronghold,
,1899,践,jiàn,Fulfill (a promise),
,1900,凝,níng,Congeal,
,1901,浅,jiān,Sound of moving water,
,1902,辖,xiá,Have jurisdiction over,
,1903,坡,pō,Slope,
,1904,狼,láng,Wolf,
,1905,牲,shēng,Domestic animal,
,1906,循,xún,To follow,
,1907,肥,féi,Loose-fitting,
,1908,逢,féng,Every time,
,1909,诱,yòu,Entice,
,1910,押,yā,Detain in custody,
,1911,坛,tán,Altar,
,1912,玻,bō,Glass,
,1913,侦,zhēn,To scout,
,1914,忌,jì,Avoid as taboo,
,1915,恼,nǎo,Get mad,
,1916,钦,qīn,Royal,
,1917,霞,xiá,Red clouds,
,1918,浑,hún,Muddy,
,1919,畏,wèi,To fear,
,1920,翁,wēng,Elderly person,
,1921,殷,yān,Dark red,
,1922,卧,wò,To lie,
,1923,询,xún,Inquire,
,1924,丢,diū,To lose,
,1925,键,jiàn,Key,
,1926,兹,zī,Herewith,
,1927,躲,duǒ,Avoid,
,1928,跪,guì,Kneel,
,1929,饥,jī,Hungry,
,1930,郊,jiāo,Suburb,
,1931,揭,jiē,Lift off (a cover),
,1932,邮,yóu,Post (office),
,1933,履,lǚ,Shoe,
,1934,枢,shū,Hinge,
,1935,彦,yàn,Accomplished,
,1936,霸,bà,Feudal chief,
,1937,悔,huǐ,Regret,
,1938,蜀,shǔ,Sichuan,
,1939,窃,qiè,I beg to presume,
,1940,慕,mù,Admire,
,1941,凌,líng,Encroach,
,1942,戌,xū,11th earthly branch,
,1943,抑,yì,To restrain,
,1944,桓,huán,Sapindus mukurosi,
,1945,械,xiè,Tools,
,1946,雾,wù,Fog,
,1947,臂,bì,Arm,
,1948,拢,lǒng,Collect,
,1949,葛,gé,Coarse grass linen,
,1950,浓,nóng,Concentrated,
,1951,祀,sì,Offer sacrifice to,
,1952,愁,chóu,Worry about,
,1953,贷,dài,Lend on interest,
,1954,脉,mài,Mountain range,
,1955,捷,jié,Victory,
,1956,嫌,xián,To dislike,
,1957,阔,kuò,Rich,
,1958,鞋,xié,Shoe,
,1959,拨,bō,To push aside,
,1960,艰,jiān,Difficult,
,1961,驶,shǐ,Hasten,
,1962,漂,piāo,To float,
,1963,椅,yǐ,Chair,
,1964,斜,xié,Slanting,
,1965,墓,mù,Tomb,
,1966,届,jiè,Arrive at (place or time),
,1967,瓶,píng,Bottle,
,1968,燃,rán,Burn,
,1969,狠,hěn,Fierce,
,1970,咬,yǎo,Bite,
,1971,屏,bǐng,Get rid of,
,1972,爹,diē,Dad,
,1973,陕,shǎn,Shaanxi,
,1974,昆,kūn,Kunlun mountains,
,1975,咐,fù,To order,
,1976,驰,chí,Run fast,
,1977,寂,jì,Lonesome,
,1978,辨,biàn,Distinguish,
,1979,丛,cóng,Cluster,
,1980,疯,fēng,Insane,
,1981,稿,gǎo,Manuscript,
,1982,辟,bì,King,
,1983,岭,lǐng,Mountain range,
,1984,剂,jì,Dose,
,1985,辱,rǔ,Disgrace,
,1986,邀,yāo,Invite to come,
,1987,览,lǎn,Look over,
,1988,帽,mào,Hat,
,1989,尹,yǐn,To rule,
,1990,腐,fǔ,Decay,
,1991,寡,guǎ,Few,
,1992,悬,xuán,Hang,
,1993,敕,chì,Imperial orders,
,1994,誉,yù,Reputation,
,1995,嫁,jià,Marry (a husband),
,1996,稀,xī,Diluted,
,1997,削,xiāo,To scrape,
,1998,闷,mēn,Smother,
,1999,熙,xī,Prosperous,
,2000,粒,lì,A grain,
,2001,於,yū,Surname,
,2002,襄,xiāng,Assist,
,2003,钢,gāng,Steel,
,2004,搭,dā,Build (scaffolding),
,2005,浙,zhè,Zhejiang,
,2006,徽,huī,Insignia,
,2007,兆,zhào,Omen,
,2008,锡,xí,Tin,
,2009,俩,liǎ,Two,
,2010,纲,gāng,Head rope of a fishing net,
,2011,耕,gēng,To plow,
,2012,浩,hào,Grand,
,2013,宏,hóng,Spacious,
,2014,扣,kòu,10 percent,
,2015,妨,fáng,Hinder,
,2016,涌,yǒng,Bubble up,
,2017,吟,yín,Moan,
,2018,筹,chóu,A tally,
,2019,娜,nuó,Elegant,
,2020,躺,tǎng,To recline,
,2021,勋,xūn,Medal,
,2022,扇,shān,To fan,
,2023,抛,pāo,To throw,
,2024,碧,bì,Green jade,
,2025,妾,qiè,Concubine,
,2026,熊,xióng,Bear,
,2027,崩,bēng,Collapse,
,2028,疼,téng,Hurts,
,2029,敲,qiāo,Extort,
,2030,渔,yú,Fisherman,
,2031,纠,jiū,Gather together,
,2032,庞,páng,Huge,
,2033,恕,shù,Forgive,
,2034,暖,nuǎn,Warm,
,2035,澳,ào,Australia,
,2036,恒,héng,Permanent,
,2037,逻,luó,Logic,
,2038,挤,jǐ,Crowded,
,2039,添,tiān,To add,
,2040,炼,liàn,Refine,
,2041,晃,huǎng,Dazzle,
,2042,搬,bān,Remove,
,2043,倘,tǎng,If,
,2044,盈,yíng,Full,
,2045,湘,xiāng,Name of a river,
,2046,肚,dǔ,Tripe,
,2047,猪,zhū,Hog,
,2048,卑,bēi,Low,
,2049,苗,miáo,Miao tribe,
,2050,泄,xiè,Divulge,
,2051,柴,chái,Firewood,
,2052,瑟,sè,Mus. instr.,
,2053,茂,mào,Luxuriant,
,2054,谦,qiān,Modest,
,2055,迈,mài,Take a step,
,2056,烂,làn,Overcooked,
,2057,弯,wān,Bend,
,2058,踏,tà,Step on,
,2059,梯,tī,Ladder,
,2060,锐,ruì,Acute,
,2061,赦,shè,To pardon (a convict),
,2062,茫,máng,Vague,
,2063,讼,sòng,Litigation,
,2064,拳,quán,Fist,
,2065,耀,yào,Brilliant,
,2066,衙,yá,Office,
,2067,禅,chán,Meditation,
,2068,钻,zuān,Enter (a hole),
,2069,峡,xiá,Gorge,
,2070,郁,yù,Elegant,
,2071,阙,quē,Deficiency,
,2072,冤,yuān,Injustice,
,2073,妄,wàng,Absurd,
,2074,徙,xǐ,Change one's residence,
,2075,虏,lǔ,Take captive,
,2076,耗,hào,Mouse,
,2077,轨,guǐ,Course,
,2078,吞,tūn,To swallow,
,2079,淫,yín,Excessive,
,2080,虞,yú,Forewarned,
,2081,杖,zhàng,Cane,
,2082,携,xié,To carry,
,2083,脏,zāng,Dirty,
,2084,汪,wāng,Expanse of water,
,2085,舅,jiù,Maternal uncle,
,2086,斥,chì,Blame,
,2087,嫂,sǎo,Older brother's wife; sister-in-law,
,2088,呵,ā,Expel breath,
,2089,戚,qī,Ashamed,
,2090,谥,shì,Confer such title,
,2091,吩,fēn,Leave instructions,
,2092,斋,zhāi,A fast,
,2093,宠,chǒng,To love,
,2094,羞,xiū,Shy,
,2095,吊,diào,To hang a person,
,2096,嘛,ma,A modal particle,
,2097,肠,cháng,Intestines,
,2098,肝,gān,Liver,
,2099,轿,jiào,Sedan chair,
,2100,雕,diāo,Engrave,
,2101,湿,shī,Moist,
,2102,琼,qióng,Beautiful,
,2103,娇,jiāo,Lovable,
,2104,昂,áng,High,
,2105,弦,xián,Bow string,
,2106,顷,qǐng,100 mu,
,2107,沃,wò,Fertile,
,2108,舆,yú,Carriage,
,2109,猫,māo,Cat,
,2110,笼,lóng,Basket,
,2111,晕,yūn,Confused,
,2112,潘,pān,Surname,
,2113,姻,yīn,Marriage connections,
,2114,诣,yì,Go,
,2115,勾,gōu,To cancel,
,2116,碗,wǎn,Bowl,
,2117,姿,zī,Beauty,
,2118,绳,shéng,Rope,
,2119,狐,hú,Fox,
,2120,肌,jī,Flesh,
,2121,渊,yuān,Abyss,
,2122,雍,yōng,Harmonious,
,2123,庸,yōng,Ordinary,
,2124,吨,dūn,Ton,
,2125,喷,pēn,To puff,
,2126,姚,yáo,Yao (a surname),
,2127,勉,miǎn,Exhort,
,2128,毅,yì,Perseverance,
,2129,赔,péi,Lose in trade,
,2130,靖,jìng,Pacify,
,2131,雇,gù,Hire,
,2132,屡,lǚ,Time and again,
,2133,跨,kuà,Step across,
,2134,泣,qì,To sob,
,2135,催,cuī,Urge,
,2136,卓,zhuó,Outstanding,
,2137,擦,cā,To wipe,
,2138,畜,chù,Livestock,
,2139,稽,jī,Inspect,
,2140,纹,wén,Line,
,2141,漏,lòu,Funnel,
,2142,妥,tuǒ,Secure,
,2143,姊,zǐ,Older sister,
,2144,囊,náng,Sack,
,2145,饶,ráo,To spare,
,2146,芬,fēn,Fragrant,
,2147,抖,dǒu,Shake out,
,2148,姨,yí,One's mother's sister,
,2149,披,pī,Scatter,
,2150,漠,mò,Desert,
,2151,旱,hàn,Drought,
,2152,仕,shì,An official,
,2153,滋,zī,Excite,
,2154,乳,rǔ,Breast,
,2155,绣,xiù,To embroider,
,2156,滴,dī,A drop,
,2157,扁,biǎn,Flat,
,2158,浦,pǔ,Beach,
,2159,俺,ǎn,I (northern dialects),
,2160,瘦,shòu,Tight,
,2161,扯,chě,Pull,
,2162,竭,jié,Exhaust,
,2163,惩,chéng,Punish,
,2164,枚,méi,M for small objects,
,2165,丫,yā,Slave girl,
,2166,僚,liáo,Bureaucrat,
,2167,涨,zhǎng,To rise (of prices,
,2168,晶,jīng,Crystal,
,2169,兮,xī,Part.,
,2170,誓,shì,Oath,
,2171,酬,chóu,Entertain,
,2172,唇,chún,Lip,
,2173,晴,qíng,Clear,
,2174,疫,yì,Epidemic,
,2175,肿,zhǒng,Swollen,
,2176,胖,pàng,Fat,
,2177,擒,qín,Capture,
,2178,拘,jū,Adhere,
,2179,粹,cuì,Pure,
,2180,戎,róng,Weapon,
,2181,煤,méi,Coal,
,2182,蔽,bì,To cover,
,2183,弊,bì,Detriment,
,2184,饿,è,To be hungry,
,2185,聊,liáo,To chat,
,2186,禀,bǐng,Natural property or endowment,
,2187,舱,cāng,Cabin,
,2188,肤,fū,Skin,
,2189,痕,hén,Scar,
,2190,缝,féng,To sew,
,2191,韵,yùn,Rhyme,
,2192,冀,jì,Hebei,
,2193,怖,bù,Terror,
,2194,鹏,péng,Large fabulous bird,
,2195,痴,chī,Imbecile,
,2196,填,tián,To fill in,
,2197,鲍,bào,Abalone,
,2198,绘,huì,To draw,
,2199,糖,táng,Sugar,
,2200,扭,niǔ,To turn,
,2201,劣,liè,Inferior,
,2202,赢,yíng,To beat,
,2203,缴,jiǎo,Hand in,
,2204,酷,kù,Ruthless,
,2205,谅,liàng,Forgive,
,2206,扮,bàn,To disguise oneself,
,2207,贱,jiàn,Inexpensive,
,2208,疆,jiāng,Border,
,2209,鹰,yīng,Eagle,
,2210,泊,bó,To anchor,
,2211,聘,pìn,Betrothed,
,2212,芝,zhī,Zoysia pungens,
,2213,磁,cí,Magnetic,
,2214,诞,dàn,Birth,
,2215,焚,fén,Burn,
,2216,侄,zhí,Nephew,
,2217,菌,jūn,Germ,
,2218,缠,chán,To bother,
,2219,拦,lán,Cut off,
,2220,朴,pǔ,Celtis sinensis var. japonica,
,2221,厥,jué,His,
,2222,纽,niǔ,To turn,
,2223,柯,kē,Handle of axe,
,2224,炉,lú,Stove,
,2225,溜,liū,Slip away,
,2226,抄,chāo,To copy,
,2227,趁,chèn,Avail oneself of,
,2228,耻,chǐ,Shame,
,2229,渴,kě,Thirsty,
,2230,衔,xián,Hold in mouth,
,2231,档,dàng,Cross-piece,
,2232,罕,hǎn,Rare,
,2233,拼,pīn,Piece together,
,2234,鞭,biān,A whip or lash,
,2235,娶,qǔ,Take a wife,
,2236,蒲,pú,Calamus,
,2237,倚,yǐ,To lean on,
,2238,秒,miǎo,Second,
,2239,匠,jiàng,Craftsman,
,2240,夸,kuā,To boast,
,2241,咽,yān,Narrow pass,
,2242,岗,gǎng,Mound,
,2243,逸,yì,Escape,
,2244,伞,sǎn,Umbrella,
,2245,傲,ào,Proud,
,2246,挣,zhēng,Struggle,
,2247,颠,diān,Inverted,
,2248,寓,yù,Reside,
,2249,挖,wā,To dig,
,2250,串,chuàn,To string together,
,2251,蜂,fēng,Bee,
,2252,顽,wán,Mischievous,
,2253,渠,qú,Big,
,2254,啥,shá,What,
,2255,牺,xī,Sacrifice,
,2256,翔,xiáng,Soar,
,2257,屠,tú,Slaughter,
,2258,巫,wū,Witch,
,2259,窝,wō,Nest,
,2260,兀,wù,Cut off the feet,
,2261,辄,zhé,Sides of chariot where weapons,
,2262,刷,shuā,Brush,
,2263,址,zhǐ,Location,
,2264,歼,jiān,Annihilate,
,2265,挡,dǎng,Hinder,
,2266,肆,sì,Four (fraud-proof),
,2267,谒,yè,To visit (a superior),
,2268,函,hán,Envelope,
,2269,簿,bù,A book,
,2270,悠,yōu,At ease,
,2271,昼,zhòu,Daytime,
,2272,饱,bǎo,To eat till full,
,2273,艳,yàn,Glamorous,
,2274,骄,jiāo,Proud,
,2275,灌,guàn,Irrigate,
,2276,娃,wá,Baby,
,2277,寝,qǐn,Lie down,
,2278,坠,zhuì,Fall,
,2279,剥,bō,Peel,
,2280,睁,zhēng,To open (eye),
,2281,腔,qiāng,Cavity of body,
,2282,廊,láng,Porch,
,2283,涛,tāo,Big wave,
,2284,鹤,hè,Crane,
,2285,罩,zhào,Cover,
,2286,盆,pén,Basin,
,2287,囚,qiú,Prisoner,
,2288,祠,cí,Ancestral hall,
,2289,衍,yǎn,To spread out,
,2290,扔,rēng,Throw,
,2291,隋,suí,Name of a dynasty,
,2292,璃,lí,Colored glaze,
,2293,帘,lián,Wine shop sign,
,2294,烛,zhú,Candle,
,2295,赌,dǔ,Bet,
,2296,凑,còu,Assemble,
,2297,冈,gāng,Ridge,
,2298,菩,pú,Bodhisattva,
,2299,媳,xí,Daughter in law,
,2300,眠,mián,Sleep,
,2301,俘,fú,Prisoner of war,
,2302,钩,gōu,Entice,
,2303,绵,mián,Cotton,
,2304,袍,páo,Gown (lined),
,2305,苟,gǒu,If indeed,
,2306,旬,xún,Ten days,
,2307,癌,ái,Cancer,
,2308,耸,sǒng,Excite,
,2309,狭,xiá,Narrow,
,2310,诈,zhà,Crafty,
,2311,陀,tuó,Declivity,
,2312,姜,jiāng,Ginger,
,2313,驳,bó,Argue,
,2314,轩,xuān,Covered carriage,
,2315,蕃,fán,Flourishing,
,2316,遮,zhē,Cover up (a shortcoming),
,2317,蓄,xù,To store,
,2318,樱,yīng,Cherry,
,2319,玲,líng,Tinkling of gem-pendants,
,2320,衫,shān,Chinese gown (unlined),
,2321,匪,fěi,Bandit,
,2322,挨,āi,Lean to,
,2323,巢,cháo,Nest,
,2324,拆,chāi,To tear open,
,2325,纤,qiàn,Boatman's tow-rope,
,2326,砍,kǎn,To chop,
,2327,胎,tāi,Fetus,
,2328,柜,guì,Cupboard,
,2329,哦,é,To chant,
,2330,壳,ké,Shell,
,2331,擅,shàn,Usurp,
,2332,铭,míng,Inscribed motto,
,2333,婴,yīng,Infant,
,2334,铃,líng,Bell,
,2335,嘱,zhǔ,Enjoin,
,2336,糟,zāo,Dregs,
,2337,棋,qí,Chess,
,2338,彪,biāo,A tiger-cat,
,2339,尿,niào,Urinate,
,2340,杭,háng,Hangzhou,
,2341,茨,cí,Tribulus terrestris,
,2342,厨,chú,Kitchen,
,2343,叩,kòu,Knock,
,2344,愧,kuì,Ashamed,
,2345,饲,sì,To raise,
,2346,贬,biǎn,To diminish,
,2347,肖,xiào,Similar,
,2348,衷,zhōng,Inner feelings,
,2349,颤,zhàn,To tremble,
,2350,俯,fǔ,Look down,
,2351,骤,zhòu,Sudden,
,2352,逮,dǎi,Arrest,
,2353,逾,yú,Exceed,
,2354,暮,mù,Evening,
,2355,庐,lú,Hut,
,2356,裴,péi,Surname,
,2357,媚,mèi,Flatter,
,2358,捧,pěng,Hold or offer with both hands,
,2359,畅,chàng,Smooth,
,2360,黛,dài,Umber-black dye for painting the eyebrow,
,2361,喘,chuǎn,To gasp,
,2362,矩,jǔ,Carpenter's square,
,2363,坊,fāng,Subdivision of a city,
,2364,棍,gùn,Stick,
,2365,抹,mǒ,Play,
,2366,胃,wèi,Stomach,
,2367,杆,gān,Pole,
,2368,膀,bǎng,Upper arm,
,2369,皱,zhòu,To wrinkle,
,2370,爽,shuǎng,Invigorating,
,2371,莉,lì,Jasmine,
,2372,氧,yǎng,Oxygen,
,2373,谊,yì,Friendship,
,2374,柄,bǐng,Authority,
,2375,栏,lán,Fence,
,2376,盒,hé,Small box,
,2377,孕,yùn,Pregnant,
,2378,躬,gōng,Body,
,2379,苑,yuàn,Park,
,2380,摘,zhāi,To borrow,
,2381,哼,hēng,Hum,
,2382,诵,sòng,Read aloud,
,2383,滩,tān,Beach,
,2384,钞,chāo,Money,
,2385,猿,yuán,Ape,
,2386,猩,xīng,Ape,
,2387,傻,shǎ,Foolish,
,2388,卵,luǎn,Ovum,
,2389,拱,gǒng,Fold hands in salute,
,2390,塘,táng,Pond,
,2391,冢,zhǒng,Great,
,2392,绢,juàn,Thick but loosely woven silk,
,2393,薪,xīn,Fuel,
,2394,碑,bēi,A monument,
,2395,挽,wǎn,Draw,
,2396,谭,tán,Surname,
,2397,亨,hēng,Prosperous,
,2398,堤,dī,Dike,
,2399,坟,fén,A grave,
,2400,喂,wèi,Hello,
,2401,妆,zhuāng,Adornment,
,2402,枯,kū,Dried up,
,2403,眨,zhǎ,Wink,
,2404,盯,dīng,Stare,
,2405,颈,jǐng,Neck,
,2406,婢,bì,Slave girl,
,2407,盼,pàn,To hope for,
,2408,棒,bàng,A stick,
,2409,惶,huáng,Frightened,
,2410,嚷,rǎng,Blurt out,
,2411,愉,yú,Pleased,
,2412,肺,fèi,Lung,
,2413,棉,mián,Cotton,
,2414,禧,xǐ,Joy,
,2415,隙,xì,Crack,
,2416,霜,shuāng,Frost,
,2417,坑,kēng,Pit,
,2418,煌,huáng,Brilliant,
,2419,崖,yái,Precipice,
,2420,浴,yù,Bath,
,2421,裤,kù,Drawers,
,2422,惹,rě,To provoke,
,2423,吻,wěn,Kiss,
,2424,氛,fēn,Miasma,
,2425,臭,chòu,Stench,
,2426,吵,chǎo,To quarrel,
,2427,恳,kěn,Earnest,
,2428,捐,juān,To contribute,
,2429,闯,chuǎng,To rush,
,2430,翅,chì,Wing,
,2431,懒,lǎn,Lazy,
,2432,胶,jiāo,Glue,
,2433,膜,mó,Membrane; film,
,2434,惺,xīng,Tranquil,
,2435,祈,qí,Implore,
,2436,舜,shùn,Name of an emperor,
,2437,蜜,mì,Honey,
,2438,募,mù,Canvass for contributions,
,2439,慨,kǎi,Generous,
,2440,冻,dòng,To freeze,
,2441,喉,hóu,Throat,
,2442,泡,pāo,Puffed,
,2443,鄙,bǐ,Rustic,
,2444,叉,chā,Fork,
,2445,亩,mǔ,About 1,
,2446,钗,chāi,Hairpin,
,2447,擢,zhuó,Pull out,
,2448,脆,cuì,Crisp,
,2449,洒,sǎ,Spill,
,2450,喻,yù,Allegory,
,2451,瞪,dèng,Stare at,
,2452,窦,dòu,Sinus (anatom.),
,2453,甜,tián,Sweet,
,2454,帛,bó,Silk,
,2455,雀,qiāo,Lentigo,
,2456,棺,guān,Coffin,
,2457,莽,mǎng,Illicium anisatum,
,2458,斑,bān,Variegated,
,2459,拐,guǎi,Kidnap,
,2460,浚,jùn,Deepen,
,2461,矮,ǎi,Short (not tall),
,2462,姬,jī,Women,
,2463,滥,làn,Excessive,
,2464,筒,tǒng,Tube,
,2465,蓬,péng,Disheveled,
,2466,硕,shuò,Large,
,2467,瞬,shùn,To wink,
,2468,锅,guō,Pot,
,2469,叠,dié,Fold up,
,2470,帖,tiē,Fit snugly,
,2471,壶,hú,Pot,
,2472,纱,shā,Cotton yarn,
,2473,薨,hōng,Death of a prince,
,2474,垒,lěi,Rampart,
,2475,魁,kuí,Chief,
,2476,摧,cuī,Break,
,2477,虹,hóng,Rainbow,
,2478,枕,zhěn,Pillow,
,2479,茅,máo,Thatch,
,2480,俭,jiǎn,Frugal,
,2481,蝶,dié,Butterfly,
,2482,麟,lín,Female unicorn,
,2483,剪,jiǎn,Cut with scissors,
,2484,凄,qī,Intense cold,
,2485,颂,sòng,To praise,
,2486,豹,bào,Leopard,
,2487,俟,sì,Until,
,2488,逝,shì,Depart,
,2489,讶,yà,Astounded,
,2490,庵,ān,Hut,
,2491,掘,jué,Dig,
,2492,禽,qín,Birds,
,2493,昧,mèi,Conceal,
,2494,阎,yán,Gate of village,
,2495,猴,hóu,Monkey,
,2496,澄,chéng,Clear and still water,
,2497,匡,kuāng,Correct,
,2498,塑,sù,To model (a figure) in clay,
,2499,吁,xū,Sh,
,2500,脂,zhī,Fat,
,2501,伺,cì,Wait on,
,2502,匈,xiōng,Hungary,
,2503,雁,yàn,Wild goose,
,2504,滞,zhì,Sluggish,
,2505,漆,qī,Paint,
,2506,乖,guāi,Obedient,
,2507,旺,wàng,Prosperous,
,2508,傍,bāng,Near (approaching),
,2509,鸭,yā,Duck,
,2510,弼,bì,Assist,
,2511,倦,juàn,Tired,
,2512,铸,zhù,Cast metals,
,2513,膝,xī,Knee,
,2514,颁,bān,Promulgate,
,2515,歧,qí,Divergent,
,2516,尧,yáo,Emperor Yao,
,2517,谎,huǎng,Lies,
,2518,攀,pān,Climb up,
,2519,棵,kē,M for plants,
,2520,粟,sù,Grain,
,2521,劾,hé,Impeach,
,2522,仑,lún,Arrange,
,2523,瞒,mán,Conceal from,
,2524,谐,xié,Harmonious,
,2525,敛,liǎn,Arrange,
,2526,颖,yǐng,Clever,
,2527,倡,chàng,Initiate,
,2528,鹅,é,Goose,
,2529,峻,jùn,Steep,
,2530,链,liàn,Chain,
,2531,戍,shù,Garrison,
,2532,歉,qiàn,Apologize,
,2533,奠,diàn,Libation,
,2534,骚,sāo,Have sex appeal,
,2535,厢,xiāng,Box (in theater),
,2536,宦,huàn,An official,
,2537,栽,zāi,To force,
,2538,巷,xiàng,Lane,
,2539,溢,yì,Overflow,
,2540,懿,yì,Restrain,
,2541,谱,pǔ,Chart,
,2542,裹,guǒ,Wrap around,
,2543,陌,mò,Raised path,
,2544,宛,wǎn,Similar,
,2545,裳,cháng,Lower garment,
,2546,缚,fú,To bind,
,2547,煞,shā,Decrease,
,2548,胀,zhàng,Dropsical,
,2549,骇,hài,Astonish,
,2550,璇,xuán,Jade,
,2551,脊,jǐ,Spine,
,2552,藤,téng,Rattan,
,2553,萍,píng,Duckweed,
,2554,榜,bǎng,A notice or announcement,
,2555,兔,tù,Rabbit,
,2556,裙,qún,Skirt,
,2557,嗯,ēn,A groaning sound,
,2558,驴,lǘ,Donkey,
,2559,咒,zhòu,Put a curse on,
,2560,赚,zhuàn,Earn,
,2561,敝,bì,My (polite),
,2562,厘,lí,One thousandth,
,2563,睿,ruì,Astute,
,2564,禹,yǔ,Name of an emperor,
,2565,辏,còu,Converge,
,2566,钉,dīng,Nail,
,2567,咨,zī,Consult,
,2568,焰,yàn,Flame,
,2569,筋,jīn,Muscle,
,2570,遁,dùn,Disappear,
,2571,玑,jī,Irregular pearl,
,2572,芒,máng,Miscanthus sinensis,
,2573,芦,lú,Rush,
,2574,淳,chún,Genuine,
,2575,浸,jìn,Immerse,
,2576,恍,huǎng,Disappointed,
,2577,讽,fèng,Satirize,
,2578,脖,bó,Neck,
,2579,盲,máng,Blind,
,2580,稷,jì,Millet,
,2581,詹,zhān,Excellent,
,2582,蠢,chǔn,Blunt,
,2583,淋,lìn,Diseases of the bladder,
,2584,怯,qiè,Afraid,
,2585,吼,hǒu,Roar (of a lion),
,2586,撑,chēng,Support,
,2587,酌,zhuó,Consider,
,2588,矗,chù,Lofty,
,2589,泼,pō,Splash,
,2590,葡,pú,Grapes,
,2591,枉,wǎng,In the wrong,
,2592,沾,zhān,Infected by,
,2593,窜,cuàn,Flee,
,2594,哄,hōng,Resound with laughter,
,2595,竖,shù,To erect,
,2596,阐,chǎn,To express,
,2597,琳,lín,Gem,
,2598,贰,èr,Two (fraud-proof),
,2599,婿,xù,Son-in-law,
,2600,皋,gāo,Bank,
,2601,刹,chà,Buddhist monastery or temple,
,2602,淌,tǎng,Drip,
,2603,账,zhàng,Account,
,2604,粘,nián,Sticky,
,2605,淹,yān,Drown,
,2606,勘,kān,To investigate,
,2607,眷,juàn,Concern,
,2608,狮,shī,Lion,
,2609,莎,shā,(grass),
,2610,祷,dǎo,Prayer,
,2611,歪,wāi,Askew,
,2612,唉,āi,An interjection,
,2613,谬,miù,Absurd,
,2614,躯,qū,Human body,
,2615,憾,hàn,Regret,
,2616,栖,qī,To roost,
,2617,挪,nuó,To shift,
,2618,刮,guā,To scrape,
,2619,裸,luǒ,Naked,
,2620,邵,shào,Place name,
,2621,嘻,xī,Laugh,
,2622,钓,diào,To fish with a hook and bait,
,2623,摊,tān,Spread out,
,2624,蝗,huáng,Locust,
,2625,侨,qiáo,Emigrant,
,2626,梗,gěng,Stem,
,2627,掏,tāo,Fish out (from pocket),
,2628,妮,nī,Girl,
,2629,娥,é,Good,
,2630,剿,chāo,Destroy (bandits),
,2631,秉,bǐng,To grasp,
,2632,堵,dǔ,Stop up,
,2633,菊,jú,Chrysanthemum,
,2634,瑶,yáo,Yao,
,2635,拓,tà,Make rubbing,
,2636,窄,zhǎi,Narrow,
,2637,斌,bīn,Ornamental,
,2638,脾,pí,Spleen,
,2639,戮,lù,Kill,
,2640,钧,jūn,30 catties,
,2641,馈,kuì,Food,
,2642,暇,xiá,Leisure,
,2643,杏,xìng,Apricot,
,2644,啸,xiào,To hiss,
,2645,丸,wán,Pill,
,2646,炭,tàn,Carbon,
,2647,屁,pì,To break wind,
,2648,凰,huáng,Phoenix,
,2649,靡,mí,Wasted,
,2650,藉,jiè,In disorder,
,2651,瞎,xiā,Blind,
,2652,虔,qián,Devout,
,2653,魄,pò,Soul,
,2654,拂,fú,Brush away,
,2655,萄,táo,Grapes,
,2656,笃,dǔ,Serious (illness),
,2657,瘤,liú,Tumor,
,2658,佑,yòu,Bless,
,2659,怠,dài,Idle,
,2660,鸦,yā,Crow,
,2661,睹,dǔ,Observe,
,2662,贩,fàn,Deal in,
,2663,怔,zhēng,Be startled,
,2664,雌,cí,Female,
,2665,斧,fǔ,Hatchet,
,2666,窥,kuī,Peep,
,2667,潭,tán,Deep,
,2668,圳,zhèn,Furrow in field,
,2669,厦,shà,Tall building,
,2670,毙,bì,Die violently,
,2671,玫,méi,Rose,
,2672,驿,yì,Remount stations,
,2673,刃,rèn,Edge of blade,
,2674,饼,bǐng,Round flat cake,
,2675,卸,xiè,Unload,
,2676,搁,gē,To place,
,2677,冥,míng,Dark,
,2678,绅,shēn,Member of gentry,
,2679,框,kuàng,Frame,
,2680,倪,ní,Surname,
,2681,秃,tū,Bald,
,2682,陇,lǒng,Gansu,
,2683,羌,qiāng,Educated,
,2684,嵩,sōng,Lofty,
,2685,叮,dīng,Sting (of mosquito),
,2686,铮,zhēng,Clang of metals,
,2687,妓,jì,Prostitute,
,2688,愣,lèng,To look distracted,
,2689,辜,gū,Crime,
,2690,砸,zá,Smash,
,2691,揖,yī,Greet (by raising the joined hands),
,2692,恃,shì,Rely upon,
,2693,晌,shǎng,Around noon,
,2694,剖,pōu,To cut,
,2695,莺,yīng,Golden oriole,
,2696,蒸,zhēng,To steam,
,2697,劈,pī,Hack,
,2698,哨,shào,A whistle,
,2699,兑,duì,To cash,
,2700,缄,jiān,Letters,
,2701,呜,wū,Onomat. for humming,
,2702,壤,rǎng,Soil,
,2703,撕,sī,To tear,
,2704,咳,hāi,Sound of sighing,
,2705,羡,xiàn,To envy,
,2706,晏,yàn,Late,
,2707,诬,wū,Accuse falsely,
,2708,砖,zhuān,Brick,
,2709,恤,xù,Give relief,
,2710,掷,zhì,Toss,
,2711,摔,shuāi,Throw on ground,
,2712,鸾,luán,Mythical bird,
,2713,棠,táng,Cherry-apple,
,2714,喃,nán,Mumble in repetition,
,2715,涕,tì,Nasal mucus,
,2716,譬,pì,Give an example,
,2717,滨,bīn,Shore,
,2718,溶,róng,Dissolve,
,2719,巩,gǒng,Secure,
,2720,蚀,shí,Eat up slowly,
,2721,晰,xī,Understanding,
,2722,堕,duò,Degenerate,
,2723,舶,bó,Sea-going vessels,
,2724,庇,bì,To protect,
,2725,瓷,cí,Chinaware,
,2726,啼,tí,Mourn,
,2727,虐,nuè,Oppressive,
,2728,桩,zhuāng,Item,
,2729,绑,bǎng,To tie,
,2730,珊,shān,Coral,
,2731,绥,suí,Pacify,
,2732,嘲,cháo,Ridicule,
,2733,瑰,guī,Extraordinary,
,2734,梳,shū,Comb,
,2735,匿,nì,To hide,
,2736,讳,huì,Avoid mentioning,
,2737,涵,hán,Contain,
,2738,篮,lán,Basket,
,2739,喀,kā,Onomat.,
,2740,妒,dù,Jealous,
,2741,敷,fū,Announce,
,2742,耽,dān,Indulge,
,2743,哑,yā,Dumb,
,2744,桶,tǒng,Pail,
,2745,梢,shāo,Tip of branch,
,2746,绛,jiàng,Purple-red,
,2747,纬,wěi,Latitude,
,2748,垣,yuán,Wall,
,2749,坎,kǎn,Pit,
,2750,稣,sū,Revive,
,2751,笛,dí,Flute,
,2752,晁,cháo,Surname,
,2753,贿,huì,Bribe,
,2754,焕,huàn,Brilliant,
,2755,喇,lā,(phonetic),
,2756,暑,shǔ,Heat,
,2757,掀,xiān,Lift (cover),
,2758,膊,bó,Shoulder,
,2759,栋,dòng,Roof beam,
,2760,厄,è,Distressed,
,2761,谴,qiǎn,Punishment,
,2762,肢,zhī,Limb,
,2763,彰,zhāng,Manifest,
,2764,胤,yìn,Heir,
,2765,搏,bó,Fight,
,2766,晦,huì,Dark,
,2767,哎,āi,An interjection,
,2768,笨,bèn,Stupid,
,2769,钥,yào,Key,
,2770,旷,kuàng,Waste,
,2771,兜,dōu,Pocket,
,2772,咕,gū,Mutter,
,2773,帆,fān,Sail,
,2774,株,zhū,Trunk of tree,
,2775,屑,xiè,Crumbs,
,2776,躁,zào,Hot-tempered,
,2777,谟,mó,Plan,
,2778,赎,shú,Redeem,
,2779,惭,cán,Ashamed,
,2780,僵,jiāng,Rigid,
,2781,涯,yá,Border,
,2782,荩,jìn,Arthraxon ciliare,
,2783,轴,zhóu,Axis,
,2784,挫,cuò,Be obstructed,
,2785,邢,xíng,Place name,
,2786,筵,yán,Bamboo mat for sitting,
,2787,奎,kuí,Name of constellation,
,2788,耿,gěng,Bright,
,2789,佣,yōng,Hire,
,2790,凿,záo,Chisel,
,2791,碌,lù,Laborious,
,2792,绰,chuò,Generous,
,2793,娟,juān,Beautiful,
,2794,蹈,dǎo,Tread on,
,2795,陡,dǒu,Steep,
,2796,腺,xiàn,Gland,
,2797,邱,qiū,Mound,
,2798,奚,xī,What why,
,2799,啡,fēi,Coffee,
,2800,捏,niē,To pinch (with one's fingers),
,2801,涅,niè,Blacken,
,2802,瞻,zhān,Gaze,
,2803,倩,qiàn,Niece,
,2804,酰,xiān,-acyl,
,2805,诡,guǐ,Sly,
,2806,窍,qiào,Intelligence,
,2807,奢,shē,Extravagant,
,2808,诘,jié,Investigate,
,2809,挟,jiā,Hold between,
,2810,窑,yáo,Kiln,
,2811,盏,zhǎn,M for lamp,
,2812,诰,gào,Enjoin,
,2813,匀,yún,Even,
,2814,谍,dié,To spy,
,2815,淘,táo,Cleanse,
,2816,蚁,yǐ,Ant,
,2817,汴,biàn,Name of a river in Henan,
,2818,魅,mèi,Demon,
,2819,踢,tī,Kick,
,2820,藻,zǎo,Elegant,
,2821,娱,yú,Amuse,
,2822,栗,lì,Afraid,
,2823,怡,yí,Harmony,
,2824,灿,càn,Glorious,
,2825,稻,dào,Paddy,
,2826,讫,qì,Finished,
,2827,朽,xiǔ,Rotten,
,2828,坤,kūn,The earth-,
,2829,棚,péng,Shed,
,2830,槐,huái,Sophora japonica,
,2831,蕴,yùn,Bring together,
,2832,哟,yo,Oh,
,2833,饷,xiǎng,Soldier's pay,
,2834,沧,cāng,Blue,
,2835,醇,chún,Rich,
,2836,螺,luó,Screw,
,2837,垄,lǒng,Monopolize,
,2838,骆,luò,Camel,
,2839,煮,zhǔ,To cook,
,2840,拙,zhuó,Awkward,
,2841,桐,tóng,Aleurites cordata,
,2842,芙,fú,Lotus,
,2843,衬,chèn,Give alms,
,2844,沼,zhǎo,Pond,
,2845,馨,xīn,Fragrant,
,2846,甸,diàn,Imperial domain,
,2847,畔,pàn,Bank,
,2848,樊,fán,Cage,
,2849,侮,wǔ,Insult,
,2850,蹲,dūn,Crouch,
,2851,蚕,cán,Silkworm,
,2852,辣,là,Hot (spicy),
,2853,搅,jiǎo,To disturb,
,2854,觅,mì,Seek,
,2855,椎,chuí,A hammer,
,2856,驼,tuó,Humpback,
,2857,嫩,nèn,Tender,
,2858,弧,hú,Arc,
,2859,褚,chǔ,Surname,
,2860,矫,jiǎo,Dissemble,
,2861,趟,tàng,A time,
,2862,谣,yáo,Popular ballad,
,2863,敞,chǎng,Spacious,
,2864,霉,méi,Bacteria,
,2865,蓉,róng,Lotus,
,2866,澹,dàn,Tranquil,
,2867,喧,xuān,Clamor,
,2868,绸,chóu,Silk,
,2869,榻,tà,Couch,
,2870,咏,yǒng,Sing,
,2871,纺,fǎng,Spin,
,2872,蜡,là,Candle,
,2873,殆,dài,Dangerous,
,2874,宵,xiāo,Night,
,2875,匙,chí,Spoon,
,2876,孽,niè,Consequence of sin,
,2877,荫,yìn,Shade,
,2878,狡,jiǎo,Crafty,
,2879,冶,yě,Smelt,
,2880,迦,jiā,Buddha,
,2881,谜,mí,Riddle,
,2882,腥,xīng,Fishy (smell),
,2883,鄂,è,Hupeh,
,2884,陋,lòu,Low,
,2885,噢,ō,Oh!,
,2886,滔,tāo,Overflow,
,2887,稼,jià,Sow grain,
,2888,幢,chuáng,Tents,
,2889,罐,guàn,Can,
,2890,绞,jiǎo,Hang (a criminal),
,2891,沛,pèi,Copious,
,2892,熬,āo,To boil,
,2893,膏,gāo,Ointment,
,2894,哇,wā,Sound of child's crying,
,2895,肾,shèn,Kidney,
,2896,姥,lǎo,Grandma (maternal),
,2897,卦,guà,Divinatory trigram,
,2898,稚,zhì,Infantile,
,2899,塌,tā,Collapse,
,2900,汲,jí,Draw water from well,
,2901,哗,huā,Crashing sound,
,2902,沮,jǔ,Destroy,
,2903,赂,lù,Bribe,
,2904,坝,bà,Dam,
,2905,捆,kǔn,A bunch,
,2906,挠,náo,To scratch,
,2907,咎,jiù,Blame,
,2908,磕,kē,To tap,
,2909,遏,è,To stop,
,2910,赃,zāng,Booty,
,2911,嗽,sòu,Cough,
,2912,梨,lí,Pear,
,2913,彬,bīn,Ornamental,
,2914,芯,xīn,Lamp pith,
,2915,侣,lǚ,Companion,
,2916,苹,pín,Marsiliaceae,
,2917,捞,lāo,Fish up,
,2918,叭,bā,Denote a sound or sharp noise (gunfire,
,2919,捣,dǎo,Pound,
,2920,浊,zhuó,Impure,
,2921,糕,gāo,Cake,
,2922,迄,qì,As yet,
,2923,岑,cén,A small hill,
,2924,辐,fú,Spoke of a wheel,
,2925,鞍,ān,Saddle,
,2926,嘿,hēi,Hey,
,2927,灼,zhuó,Brilliant,
,2928,璋,zhāng,Ancient stone ornament,
,2929,敖,áo,Ramble,
,2930,俏,qiào,Smart,
,2931,遽,jù,Hurry,
,2932,恚,huì,Rage,
,2933,邸,dǐ,Lodging-house,
,2934,咖,kā,Coffee,
,2935,伽,qié,Phonetic,
,2936,裘,qiú,Fur,
,2937,啤,pí,Beer,
,2938,晒,shài,To sun,
,2939,闺,guī,Women's apartment,
,2940,拣,jiǎn,Choose,
,2941,嗟,jiē,Sigh,
,2942,懈,xiè,Lax,
,2943,忿,fèn,Vehement,
,2944,旭,xù,Dawn,
,2945,讥,jī,Ridicule,
,2946,赈,zhèn,To relieve (the distressed),
,2947,浆,jiāng,Broth,
,2948,跋,bá,Travel,
,2949,愕,è,Startled,
,2950,旌,jīng,Banner,
,2951,丐,gài,Beg for alms,
,2952,颐,yí,Cheeks,
,2953,孰,shú,Who,
,2954,嫉,jí,Jealousy,
,2955,螅,xī,Intestinal worm,
,2956,婉,wǎn,Graceful,
,2957,畴,chóu,Arable fields,
,2958,删,shān,To delete,
,2959,寞,mò,Lonesome,
,2960,韶,sháo,Excellent,
,2961,渭,wèi,Name of a river,
,2962,瑜,yú,Excellence,
,2963,砂,shā,Sand,
,2964,缕,lǚ,State in detail,
,2965,泌,bì,Secrete,
,2966,闰,rùn,Intercalary,
,2967,灶,zào,Kitchen stove,
,2968,霄,xiāo,Firmament,
,2969,徵,zhēng,Levy (troops or taxes),
,2970,逗,dòu,Linger,
,2971,沸,fèi,Boil,
,2972,咧,liē,Child's cry,
,2973,裔,yì,Descendents,
,2974,眩,xuàn,Dizzy,
,2975,僻,pì,Low,
,2976,簇,cù,Crowded,
,2977,褒,bāo,To praise,
,2978,萌,méng,People,
,2979,璧,bì,Piece of jade with hole in center,
,2980,膨,péng,Swollen,
,2981,莹,yíng,Luster of gems,
,2982,酥,sū,Flaky,
,2983,蹄,tí,Hoof,
,2984,沫,mò,Foam,
,2985,荽,suī,Coriander,
,2986,亟,jí,Urgent,
,2987,憎,zēng,Detest,
,2988,荧,yíng,Polyeonatum officinale,
,2989,颊,jiá,Cheeks,
,2990,霆,tíng,Clap of thunder,
,2991,陨,yǔn,Fall,
,2992,踩,cǎi,Step upon,
,2993,牟,móu,Barley,
,2994,锻,duàn,Forge,
,2995,烁,shuò,Bright,
,2996,斟,zhēn,Pour,
,2997,汁,zhī,Juice,
,2998,睦,mù,Friendly,
,2999,晖,huī,Bright,
,3000,札,zhá,Write down,
,3001,篷,péng,Sail,
,3002,腕,wàn,Wrist,
,3003,鳞,lín,Scales (of fish),
,3004,诫,jiè,Commandment,
,3005,菱,líng,Trapa natans,
,3006,痒,yǎng,To itch,
,3007,鳌,áo,Sea turtle,
,3008,胳,gē,Armpit,
,3009,缅,miǎn,Burma,
,3010,铎,duó,Large ancient bell,
,3011,黜,chù,Dismiss,
,3012,枣,zǎo,Jujube,
,3013,剌,lá,To slash,
,3014,蔑,miè,Belittle,
,3015,悼,dào,Mourn,
,3016,洽,qià,Accord,
,3017,泻,xiè,To flow (out) swiftly,
,3018,凳,dèng,Bench,
,3019,皓,hào,Bright,
,3020,雯,wén,Multicolored clouds,
,3021,叱,chì,To scold,
,3022,膳,shàn,Meals,
,3023,诀,jué,Farewell,
,3024,湛,zhàn,Deep,
,3025,衅,xìn,Offer blood in sacrifice,
,3026,叨,dāo,Grumble,
,3027,茎,jīng,Stalk,
,3028,沦,lún,Perish,
,3029,牡,mǔ,Male,
,3030,阮,ruǎn,Ruan (a surname),
,3031,纾,shū,Slow,
,3032,祚,zuò,Blessing,
,3033,泳,yǒng,Swimming,
,3034,恪,kè,Respectful,
,3035,悖,bèi,Perverse,
,3036,摹,mó,Imitate,
,3037,岐,qí,Divergent,
,3038,鸳,yuān,Mandarin duck,
,3039,迭,dié,Alternately,
,3040,奕,yì,Abundant,
,3041,冕,miǎn,Royal crown,
,3042,垫,diàn,Pad,
,3043,狸,lí,Wild cat,
,3044,偃,yǎn,To lie supine,
,3045,襟,jīn,Overlapping part of Chinese gown,
,3046,诧,chà,Surprised,
,3047,翘,qiáo,Outstanding,
,3048,肇,zhào,At first,
,3049,逵,kuí,Crossroads,
,3050,拯,zhěng,To raise,
,3051,噪,zào,Chirp,
,3052,漕,cáo,Transport by water,
,3053,龋,qǔ,Decayed teeth,
,3054,辕,yuán,Shafts of cart,
,3055,颉,xié,Fly upwards,
,3056,俾,bǐ,To cause,
,3057,冉,rǎn,Passing (of time),
,3058,嗓,sǎng,Throat,
,3059,嚼,jiáo,To chew,
,3060,炒,chǎo,Saute,
,3061,攸,yōu,Distant,
,3062,竿,gān,Pole,
,3063,虾,xiā,Shrimp,
,3064,铅,qiān,Lead (metal),
,3065,贮,zhù,To store,
,3066,栅,zhà,Fence,
,3067,邹,zōu,Name of district in Shandong,
,3068,匣,xiá,Box,
,3069,锤,chuí,To hammer,
,3070,撇,piē,Cast away,
,3071,蔬,shū,Vegetables,
,3072,偕,jiē,In company with,
,3073,缸,gāng,Jar,
,3074,浇,jiāo,To water,
,3075,鲸,jīng,Whale,
,3076,佥,qiān,All,
,3077,拧,níng,To pinch,
,3078,搂,lōu,Graft (money),
,3079,嘶,sī,Hiss,
,3080,徊,huái,Irresolute,
,3081,洌,liè,Pure,
,3082,岚,lán,Mist,
,3083,逛,guàng,To stroll,
,3084,燥,zào,Dry,
,3085,渗,shèn,To seep,
,3086,溺,nì,Drown,
,3087,胧,lóng,Rising moon,
,3088,豢,huàn,Feed pigs and dogs,
,3089,镑,bàng,Pound (sterling),
,3090,尬,gà,In an embarrassing situation,
,3091,粤,yuè,Cantonese,
,3092,棘,jí,Thorns,
,3093,巍,wēi,High,
,3094,惮,dàn,Dread,
,3095,倭,wō,Japanese,
,3096,廖,liào,Surname,
,3097,蛟,jiāo,Scaly dragon,
,3098,檀,tán,Sandal wood,
,3099,孜,zī,Hard-working,
,3100,嵌,qiàn,Deep valley,
,3101,臧,zāng,Good,
,3102,毓,yù,Nourish,
,3103,澜,lán,Swelling water,
,3104,钮,niǔ,Button,
,3105,揽,lǎn,Monopolize,
,3106,汀,tīng,Sand-bank,
,3107,倏,shū,Sudden,
,3108,帷,wéi,Curtain,
,3109,绶,shòu,Cord on a seal,
,3110,坪,píng,A plain,
,3111,骁,xiāo,Brave,
,3112,绮,qǐ,Beautiful,
,3113,缎,duàn,Satin,
,3114,弩,nǔ,Cross-bow,
,3115,蹦,bèng,To jump,
,3116,髦,máo,Bang (hair),
,3117,翟,dí,Long-tail pheasant,
,3118,俸,fèng,Salary,
,3119,瘢,bān,Mark,
,3120,瞥,piē,Blink,
,3121,痪,huàn,Illness,
,3122,嗜,shì,Addicted to,
,3123,屿,yǔ,Islet,
,3124,椋,liáng,Fruit,
,3125,帜,zhì,Flag,
,3126,绒,róng,Velvet,
,3127,汹,xiōng,Scared,
,3128,麽,mó,Dimi.,
,3129,乍,zhà,For the first time,
,3130,祁,qí,Surname,
,3131,廓,kuò,Big,
,3132,僭,jiàn,Usurp,
,3133,皂,zào,Black,
,3134,叟,sǒu,Old gentleman,
,3135,哺,bū,Evening meal,
,3136,夭,yāo,Tender,
,3137,烤,kǎo,To roast,
,3138,蛛,zhū,Spider,
,3139,蕉,jiāo,Banana,
,3140,挹,yì,Give up,
,3141,榴,liú,Pomegranate,
,3142,驯,xún,Attain gradually,
,3143,峭,qiào,Steep hill,
,3144,闵,mǐn,Feel compassion for,
,3145,畿,jī,Territory around the capital,
,3146,琐,suǒ,Fragmentary,
,3147,伶,líng,Clever,
,3148,慷,kāng,Generous,
,3149,檐,yán,Eaves,
,3150,靴,xuē,Boots,
,3151,杉,shā,Fir,
,3152,惕,tì,Fearful,
,3153,辍,chuò,Stop,
,3154,睢,suī,Stare,
,3155,琦,qí,Curio,
,3156,炕,kàng,Kang (a heatable brick bed),
,3157,侈,chǐ,Extravagant,
,3158,飨,xiǎng,Offer or enjoy sacrifice,
,3159,煎,jiān,Pan-fry,
,3160,泾,jīng,Name of a river,
,3161,樵,qiáo,Firewood,
,3162,瞄,miáo,To aim,
,3163,酿,niàng,Ferment,
,3164,蝇,yíng,Fly,
,3165,醋,cù,Vinegar,
,3166,喽,lóu,Subordinates in gang of bandits,
,3167,癫,diān,Convulsions,
,3168,俞,yú,Accede,
,3169,羁,jī,Halter,
,3170,梭,suō,Shuttle,
,3171,潞,lù,Name of a river,
,3172,逞,chěng,Please oneself,
,3173,酋,qiú,Tribal chief,
,3174,玺,xǐ,Ruler's seal,
,3175,葱,cōng,Scallion,
,3176,凹,āo,A depression,
,3177,扼,è,Hold (strategic position),
,3178,涡,guō,Name of a river,
,3179,絮,xù,Line with cotton wadding,
,3180,窟,kū,Cave,
,3181,澡,zǎo,Bath,
,3182,欤,yú,Interrog. part.,
,3183,秽,huì,Dirt,
,3184,鞠,jū,To bring up,
,3185,麾,huī,Signal flag,
,3186,曜,yào,Dazzle,
,3187,晤,wù,Meet (socially),
,3188,萝,luó,Radish,
,3189,佟,tóng,Surname,
,3190,缉,qī,To stitch finely,
,3191,甩,shuǎi,Fling,
,3192,颓,tuí,Become bald,
,3193,沂,yí,Name of a river,
,3194,纂,zuǎn,Compile,
,3195,沁,qìn,Name of a river,
,3196,郝,hǎo,Ancient place name,
,3197,胥,xū,All,
,3198,镖,biāo,A throwing weapon,
,3199,牒,dié,Document,
,3200,绫,líng,Damask,
,3201,苛,kē,Severe,
,3202,汾,fén,Name of a river,
,3203,埂,gěng,Channel for irrigation,
,3204,豁,huá,Play Chinese finger game,
,3205,谤,bàng,To slander,
,3206,祗,zhī,Respectful (ly),
,3207,埽,sào,Broom,
,3208,琛,chēn,Precious stone,
,3209,芽,yá,Bud,
,3210,俚,lǐ,Rustic,
,3211,鞘,qiào,Scabbard,
,3212,矜,jīn,Boast,
,3213,掖,yē,Tuck (in),
,3214,煜,yù,Brilliant,
,3215,呕,ǒu,Vomit,
,3216,琢,zhuó,To cut (gems),
,3217,俨,yǎn,Majestic,
,3218,缔,dì,Closely joined,
,3219,呐,nà,Battle cry,
,3220,惫,bèi,Exhausted,
,3221,幌,huǎng,Advertising sign,
,3222,肴,yáo,Mixed,
,3223,骏,jùn,Spirited horse,
,3224,渎,dú,Ditch,
,3225,笺,jiān,Letter,
,3226,锭,dìng,Ingot,
,3227,缪,miào,To wind round,
,3228,诲,huì,Admonish,
,3229,聂,niè,Whisper,
,3230,绷,bēng,To stretch,
,3231,毯,tǎn,Blanket,
,3232,扒,bā,Climb,
,3233,鸯,yāng,Mandarin duck,
,3234,撼,hàn,Shake,
,3235,炀,yáng,Molten,
,3236,蔚,wèi,Artemisia japonica,
,3237,梧,wú,Sterculia platanifolia,
,3238,戟,jǐ,A lance with two points,
,3239,琅,láng,Tinkling of pendants,
,3240,悍,hàn,Violent,
,3241,闾,lǘ,Gate of a village,
,3242,甥,shēng,Nephew,
,3243,鹊,què,Magpie,
,3244,阀,fá,Clique,
,3245,缆,làn,Cable,
,3246,荀,xún,Surname,
,3247,闽,mǐn,Abbreviation for Fujian Province,
,3248,粥,zhōu,Congee,
,3249,嗅,xiù,Sense of smell,
,3250,簦,dēng,Large umbrella for stalls,
,3251,斛,hú,5 pecks (M),
,3252,溯,sù,Go upstream,
,3253,彝,yí,Normal nature of man,
,3254,尴,gān,Embarrassed,
,3255,迥,jiǒng,Distant,
,3256,瞅,chǒu,To see,
,3257,轼,shì,Crossbar in carriage front,
,3258,怼,duì,Dislike,
,3259,鸽,gē,Pigeon,
,3260,隘,ài,A pass or defile,
,3261,亢,kàng,Overbearing,
,3262,氐,dī,Name of an ancient tribe,
,3263,渺,miǎo,Vague,
,3264,髓,suǐ,Marrow,
,3265,蔓,mán,Brassica campestris,
,3266,阑,lán,Door-screen,
,3267,氢,qīng,Hydrogen,
,3268,穑,sè,Gather in harvest,
,3269,贻,yí,Bequeath,
,3270,黯,àn,Deep black,
,3271,纶,lún,Classify,
,3272,辇,niǎn,Emperor's carriage,
,3273,胄,zhòu,Helmet,
,3274,沐,mù,Bathe,
,3275,笠,lì,Bamboo rain hat,
,3276,崎,qí,Mountainous,
,3277,粪,fèn,Manure,
,3278,霖,lín,Continued rain,
,3279,芸,yún,Ruta graveolens,
,3280,碟,dié,Dish,
,3281,兢,jīng,To be fearful,
,3282,椒,jiāo,Pepper,
,3283,迳,jìng,Way,
,3284,鹃,juān,Cuckoo,
,3285,棱,léng,Corner,
,3286,鬓,bìn,Temples,
,3287,揉,róu,Knead,
,3288,拚,pàn,Disregard,
,3289,嚣,xiāo,Clamor,
,3290,徘,pái,Irresolute,
,3291,袄,ǎo,Coat,
,3292,挚,zhì,Sincere,
,3293,耆,qí,Man of sixty or seventy,
,3294,琉,liú,Precious stone,
,3295,隅,yú,Corner,
,3296,沪,hù,Shanghai,
,3297,谩,mán,Deceive,
,3298,朦,méng,Deceive,
,3299,戳,chuō,Poke,
,3300,茵,yīn,Skimmia japonica,
,3301,腻,nì,Greasy,
,3302,疮,chuāng,Sore,
,3303,垦,kěn,Reclaim (land),
,3304,檄,xí,Dispatch,
,3305,碳,tàn,Carbon,
,3306,蝉,chán,Cicada,
,3307,娄,lóu,Star,
,3308,蟹,xiè,Crab,
,3309,垮,kuǎ,Collapse,
,3310,诙,huī,Whimsical,
,3311,嘟,dū,Toot,
,3312,觯,zhì,Goblet,
,3313,趾,zhǐ,Toe,
,3314,幔,màn,Curtain,
,3315,捡,jiǎn,Pick up,
,3316,啪,pā,Syllable,
,3317,懦,nuò,Imbecile,
,3318,咦,yí,Expression of surprise,
,3319,挛,luán,Twisted,
,3320,炳,bǐng,Bright,
,3321,酣,hān,Intoxicated,
,3322,狈,bèi,A legendary wolf,
,3323,恣,zì,Throw off restraint,
,3324,铩,shā,Spear,
,3325,箫,xiāo,Pan pipes,
,3326,嗡,wēng,#NAME?,
,3327,凛,lǐn,Shiver with cold or fear,
,3328,簧,huáng,Metallic reed,
,3329,竺,zhú,Surname,
,3330,榆,yú,Elm,
,3331,圭,guī,Jade tablet,
,3332,窘,jiǒng,Distressed,
,3333,笙,shēng,Mus. instr.,
,3334,揣,chuāi,Put into,
,3335,斐,fěi,Elegant,
,3336,咯,gē,Part. indicating obviousness,
,3337,婶,shěn,Wife of father's younger brother,
,3338,嫡,dí,First wife,
,3339,绎,yì,Continuous,
,3340,梓,zǐ,Catalpa kaempferi,
,3341,鞅,yǎng,Martingale,
,3342,涩,sè,Grating (of surfaces),
,3343,翊,yì,Assist,
,3344,褂,guà,Coat,
,3345,袜,wà,Socks,
,3346,釉,yòu,Glaze (of porcelain),
,3347,迂,yū,Literal-minded,
,3348,悯,mǐn,Sympathize,
,3349,扛,gāng,Lift overhead with both hands,
,3350,侃,kǎn,Bold,
,3351,罔,wǎng,Deceive,
,3352,饬,chì,Keep in order,
,3353,唷,yō,Exclamatory part.,
,3354,硫,liú,Sulfur,
,3355,蠕,rú,To squirm,
,3356,厕,cè,Rest-room,
,3357,祯,zhēn,Auspicious,
,3358,氯,lǜ,Chlorine,
,3359,琪,qí,Angel,
,3360,纣,zhòu,Name of an emperor,
,3361,宸,chén,Imperial apartments,
,3362,墟,xū,Old burial grounds,
,3363,韬,tāo,Bow case,
,3364,蕊,ruǐ,Stamen,
,3365,耄,mào,Aged,
,3366,捍,hàn,Ward off (a blow),
,3367,萎,wēi,Spiritless,
,3368,涤,dí,Wash,
,3369,砦,zhài,Stronghold,
,3370,懊,ào,To regret,
,3371,峨,é,Lofty,
,3372,浣,huàn,To wash,
,3373,蠲,juān,Bright,
,3374,潼,tóng,High,
,3375,凸,tū,Convex; stick out,
,3376,棕,zōng,Palm,
,3377,攘,rǎng,Throw into confusion,
,3378,徇,xùn,Buried with dead,
,3379,礁,jiāo,Reef,
,3380,炯,jiǒng,Bright,
,3381,僖,xī,Cautious,
,3382,龚,gōng,Surname,
,3383,帧,zhèng,Frame,
,3384,粲,càn,Beautiful,
,3385,酱,jiàng,Jam,
,3386,忖,cǔn,Ponder,
,3387,臾,yú,A moment,
,3388,栈,zhàn,Warehouse,
,3389,桨,jiǎng,Oar,
,3390,唾,tuò,Saliva,
,3391,芜,wú,Overgrown with weeds,
,3392,翩,piān,Fly fast,
,3393,喔,ō,I see,
,3394,宥,yòu,Forgive,
,3395,揪,jiū,To clutch,
,3396,瘫,tān,Paralyzed,
,3397,孚,fú,Trust,
,3398,曳,yè,Drag,
,3399,咚,dōng,Boom (of a drum),
,3400,赡,shàn,To support,
,3401,盔,kuī,Helmet,
,3402,泗,sì,Place name,
,3403,瑾,jǐn,Brilliancy (of gems),
,3404,熏,xūn,To smoke,
,3405,侥,jiǎo,By mere luck,
,3406,聋,lóng,Deaf,
,3407,渲,xuàn,Wash (color),
,3408,篱,lí,A fence,
,3409,毡,zhān,Felt,
,3410,卤,lǔ,Brine,
,3411,汰,tài,To discard,
,3412,衮,gǔn,Imperial robe,
,3413,柬,jiǎn,Card,
,3414,遐,xiá,Abandon,
,3415,羲,xī,Name of an emperor,
,3416,寥,liáo,Empty,
,3417,钊,zhāo,Encourage,
,3418,拇,mǔ,Thumb,
,3419,镶,xiāng,To inlay,
,3420,匾,biǎn,A tablet,
,3421,膺,yīng,Breast,
,3422,昊,hào,Clear summer sky,
,3423,吱,zī,Phonetic,
,3424,炽,chì,Flame,
,3425,奄,yān,Castrate,
,3426,罹,lí,Happen to,
,3427,伎,jì,Craft,
,3428,墅,shù,Villa,
,3429,蓟,jì,Cirsium,
,3430,庾,yǔ,Name of a mountain,
,3431,渥,wò,Enrich,
,3432,肮,āng,Filthy,
,3433,拷,kǎo,To beat,
,3434,膛,táng,Chest (of body),
,3435,缮,shàn,Make a fair copy of,
,3436,嘀,dí,Backbite,
,3437,濮,pú,Name of a river,
,3438,佞,nìng,Eloquent,
,3439,氨,ān,Ammonia,
,3440,闸,zhá,Gear,
,3441,郢,yǐng,Name of an ancient city,
,3442,扈,hù,Retinue,
,3443,壕,háo,Air-raid shelter,
,3444,骠,piào,White horse,
,3445,脯,fǔ,Candied fruit,
,3446,酝,yùn,To brew,
,3447,瓣,bàn,Petal,
,3448,拽,yè,Drag,
,3449,铀,yóu,Uranium,
,3450,壑,hè,Gully,
,3451,狩,shòu,Hunting-dog,
,3452,忒,tè,Excessive,
,3453,猾,huá,Sly,
,3454,嗤,chī,Laugh at,
,3455,洹,huán,Name of a river,
,3456,漳,zhāng,Name of a river,
,3457,疤,bā,Scar,
,3458,椭,tuǒ,Ellipse,
,3459,瑛,yīng,Lustrous,
,3460,夔,kuí,One-legged monster,
,3461,绽,zhàn,Ripped seam,
,3462,摺,zhé,Folded document,
,3463,槛,jiàn,Bar,
,3464,锥,zhuī,Awl,
,3465,浏,liú,Clear,
,3466,鬟,huán,A knot of hair on top of head,
,3467,氖,nǎi,Neon,
,3468,锣,luó,Gong,
,3469,幡,fān,Banner,
,3470,蚊,wén,Mosquito,
,3471,孺,rú,Child,
,3472,犀,xī,Rhinoceros,
,3473,擎,qíng,To raise (hand),
,3474,蹋,tà,Step on,
,3475,慑,shè,Afraid,
,3476,咋,zé,Gnaw,
,3477,熄,xī,Extinguish; quench,
,3478,楷,kǎi,Norm,
,3479,烫,tàng,To scald,
,3480,怅,chàng,Regretful,
,3481,丕,pī,Grand,
,3482,拴,shuān,Tie up,
,3483,磷,lín,Phosphorus,
,3484,圃,pǔ,Garden,
,3485,涧,jiàn,Mountain stream,
,3486,肘,zhǒu,Elbow,
,3487,堑,qiàn,Moat around a city,
,3488,矶,jī,Breakwater,
,3489,迩,ěr,Near,
,3490,瞿,jù,Startled,
,3491,淄,zī,Black,
,3492,槽,cáo,Manger,
,3493,袅,niǎo,Delicate,
,3494,缗,mín,Cord,
,3495,岱,dài,Name of a mountain in Shandong,
,3496,饵,ěr,Bait,
,3497,谗,chán,Slander,
,3498,眯,mī,To squint,
,3499,桧,guì,Juniperus chinensis,
,3500,嘎,gá,Cackling sound,
,3501,鳍,qí,Fins,
,3502,笏,hù,Tablet held at an audience,
,3503,殴,ōu,Brawl,
,3504,篡,cuàn,To seize,
,3505,呻,shēn,Groan,
,3506,谪,zhé,Disgrace (an official),
,3507,潇,xiāo,River name,
,3508,瑚,hú,Coral,
,3509,葫,hú,Allium scorodoprasum,
,3510,琶,pá,Mus. instr.,
,3511,蕙,huì,Coumarouna odorata,
,3512,鲤,lǐ,Carp,
,3513,嫔,pín,Virtuous woman,
,3514,谌,chén,Faithful,
,3515,驹,jū,Colt,
,3516,晟,shèng,Brightness of sun,
,3517,赣,gàn,Jiangxi,
,3518,苇,wěi,Reed,
,3519,斡,wò,To turn,
,3520,扳,bān,To pull or draw (up or out),
,3521,笆,bā,An article made of bamboo strips,
,3522,驸,fù,Prince consort,
,3523,掣,chè,Pull,
,3524,寐,mèi,Sleep soundly,
,3525,渤,bó,Gulf of Chili,
,3526,弛,chí,Unstring a bow,
,3527,爰,yuán,Therefore,
,3528,沽,gū,Buy,
,3529,甄,zhēn,To mold,
,3530,猷,yóu,Consult with,
,3531,恁,rèn,That,
,3532,榷,què,Footbridge,
,3533,谛,dì,Examine,
,3534,刁,diāo,Artful,
,3535,埔,pǔ,Port,
,3536,苔,tāi,Coating (of tongue),
,3537,踉,liáng,Jump,
,3538,趴,pā,To lie on one's stomach,
,3539,焘,dào,Cover over,
,3540,辙,chè,To remove,
,3541,雹,báo,Hail,
,3542,垢,gòu,Dirt,
,3543,稹,zhěn,Accumulate,
,3544,蚂,mā,Dragonfly,
,3545,芍,sháo,Paeonia albiflora,
,3546,嫣,yān,Captivating,
,3547,蝴,hú,Butterfly,
,3548,峙,zhì,Peak,
,3549,殉,xùn,Buried with dead,
,3550,俎,zǔ,A stand for food at sacrifice,
,3551,崛,jué,Towering as a peak,
,3552,拭,shì,Wipe,
,3553,蛙,wā,Frog,
,3554,谘,zī,Consult,
,3555,胪,lú,Belly,
,3556,溅,jiàn,Splash,
,3557,嬉,xī,Amusement,
,3558,嗔,chēn,To be angry at,
,3559,弁,biàn,Cap,
,3560,犁,lí,Plow,
,3561,噬,shì,Devour,
,3562,蟆,má,Toad,
,3563,哮,xiāo,Pant,
,3564,偈,jì,Buddhist hymn,
,3565,嘘,xū,Exhale,
,3566,臻,zhēn,To reach,
,3567,褥,rù,Mattress,
,3568,邕,yōng,Harmonious,
,3569,褪,tùn,Fade,
,3570,靶,bǎ,Target,
,3571,砰,pēng,Sound of crashing,
,3572,僮,tóng,Boy,
,3573,迨,dài,Catch,
,3574,咄,duō,Noise of rage,
,3575,娅,yà,Address term between sons-in-law,
,3576,觑,qù,To spy,
,3577,擞,sǒu,Shake,
,3578,驭,yù,Manage,
,3579,痰,tán,Phlegm,
,3580,暨,jì,And,
,3581,痹,bì,Paralysis,
,3582,炊,chuī,Dress food,
,3583,裨,bì,To benefit,
,3584,舷,xián,Sides of boat,
,3585,磐,pán,Firm,
,3586,勺,sháo,Spoon,
,3587,碱,jiǎn,Alkali,
,3588,滕,téng,Place name,
,3589,嫖,piáo,Visit a prostitute,
,3590,簪,zān,Hairpin,
,3591,霎,shà,All of a sudden,
,3592,嗳,ǎi,(interj. of regret),
,3593,谄,chǎn,Flatter,
,3594,堰,yàn,Weir,
,3595,诠,quán,Explain,
,3596,腮,sāi,Gills,
,3597,蟠,pán,Trichina spiralis,
,3598,橡,xiàng,Oak,
,3599,彗,huì,Comet,
,3600,搀,chān,Assist by the arm,
,3601,馔,zhuàn,Food,
,3602,紊,wěn,Involved,
,3603,迸,bèng,To burst forth,
,3604,噜,lū,Grumble,
,3605,酢,zuò,Toast to host by guest,
,3606,拗,ào,Bend,
,3607,簟,diàn,Fine woven grass mat,
,3608,驮,duò,Carry on back,
,3609,笥,sì,Hamper,
,3610,磺,huáng,Sulfur,
,3611,抡,lūn,Whirl (one's arm),
,3612,坞,wù,Dock,
,3613,颅,lú,Forehead,
,3614,禺,yú,District,
,3615,悴,cuì,Haggard,
,3616,臀,tún,Butt,
,3617,嫦,cháng,A legendary beauty who flew to the moon,
,3618,辔,pèi,Bridle,
,3619,捶,chuí,Beat with the fist,
,3620,逋,bū,Flee,
,3621,钡,bèi,Barium,
,3622,恺,kǎi,Joyful,
,3623,谀,yú,Flatter,
,3624,惚,hū,Indistinct,
,3625,髯,rán,Beard,
,3626,盎,àng,Abundant,
,3627,珀,pò,Amber,
,3628,晔,yè,Bright light,
,3629,蛔,huí,Roundworm,
,3630,屎,shǐ,Stool,
,3631,佃,diàn,Farmer,
,3632,吭,háng,Throat,
,3633,杞,qǐ,Name of a feudal state,
,3634,钰,yù,Hard metals,
,3635,夙,sù,Morning,
,3636,怂,sǒng,Arouse,
,3637,噶,gá,Phonetic,
,3638,岔,chà,Branch in a road,
,3639,赁,lìn,To rent,
,3640,濠,háo,Trench,
,3641,讹,é,Error,
,3642,袱,fú,Bundle wrapped in cloth,
,3643,呃,è,Hiccough,
,3644,恸,tòng,Grief,
,3645,攒,cuán,Bring together,
,3646,殡,bìn,A funeral,
,3647,笾,biān,Basket for fruits,
,3648,杠,gāng,Footbridge,
,3649,胫,jìng,Lower part of leg,
,3650,筠,yún,Skin of bamboo,
,3651,踌,chóu,Pace back and forth,
,3652,钝,dùn,Blunt,
,3653,铝,lǚ,Aluminum,
,3654,銮,luán,Imperial,
,3655,狻,suān,Mythical animal,
,3656,牍,dú,Documents,
,3657,妫,guī,Name of a river,
,3658,肪,fáng,Animal fat,
,3659,涣,huàn,Disperse expansive (of river),
,3660,溉,gài,Irrigate,
,3661,枷,jiā,Cangue,
,3662,糜,mí,Dissolved,
,3663,麓,lù,Foot of a hill,
,3664,胰,yí,Soap,
,3665,蟾,chán,Moon,
,3666,枭,xiāo,Brave,
,3667,葵,kuí,Sunflower,
,3668,剔,tī,Pick (as teeth),
,3669,贲,bēn,Energetic,
,3670,铨,quán,Estimate,
,3671,谧,mì,Quiet,
,3672,骡,luó,Mule,
,3673,掳,lǔ,Take captive,
,3674,嬷,mā,Ma,
,3675,乓,pāng,Bang (onomat.),
,3676,氓,máng,Vagrant,
,3677,忻,xīn,Happy,
,3678,钙,gài,Calcium,
,3679,窖,jiào,Cellar,
,3680,谔,è,Honest speech,
,3681,婪,lán,Avaricious,
,3682,椿,chūn,Cedrela chinensis,
,3683,煽,shān,Fan into a flame,
,3684,蜕,tuì,Exuviae of insects or reptiles,
,3685,蹙,cù,Urgent,
,3686,廪,lǐn,Government granary,
,3687,潦,lǎo,Flooded,
,3688,惰,duò,Lazy,
,3689,烹,pēng,Cuisine,
,3690,偎,wēi,To cuddle,
,3691,疚,jiù,Chronic disease,
,3692,撩,liāo,Lift up (skirt),
,3693,砌,qì,To build by laying bricks or stones,
,3694,睬,cǎi,Pay attention,
,3695,咙,lóng,Throat,
,3696,躇,chú,Hesitate,
,3697,磅,bàng,A measure word,
,3698,桀,jié,Cruel,
,3699,瘟,wēn,Epidemic,
,3700,虢,guó,Name of an ancient state,
,3701,胚,pēi,Fetus,
,3702,绊,bàn,To trip,
,3703,诩,xǔ,Brag,
,3704,芭,bā,A herb,
,3705,锯,jū,To mend (china) with staples,
,3706,栓,shuān,Bottle stopper,
,3707,烙,lào,Bake,
,3708,崭,zhǎn,Precipitous peak,
,3709,谙,ān,Be versed in,
,3710,茄,qié,Eggplant,
,3711,钏,chuàn,An armlet,
,3712,吝,lìn,Stingy,
,3713,纨,wán,White,
,3714,涓,juān,Brook,
,3715,逍,xiāo,Leisurely,
,3716,绯,fēi,Dark red,
,3717,湮,yān,Obscured,
,3718,薰,xūn,Coumarouna odorata,
,3719,毗,pí,Adjoin,
,3720,傥,tǎng,If,
,3721,瀛,yíng,Ocean,
,3722,滤,lǜ,To strain,
,3723,熔,róng,To smelt,
,3724,讷,nè,Large,
,3725,笞,chī,To whip with bamboo strips,
,3726,孛,bèi,Comet,
,3727,溥,pǔ,Extensive,
,3728,湟,huáng,Name of a river,
,3729,淀,diàn,Shallow water,
,3730,赘,zhuì,Superfluous,
,3731,橱,chú,A wardrobe,
,3732,钜,jù,Great,
,3733,抒,shū,To strain,
,3734,衢,qú,Thoroughfare,
,3735,萃,cuì,Collect,
,3736,鹦,yīng,Parrot,
,3737,郏,jiá,Name of a district in Henan,
,3738,茸,róng,Confused,
,3739,渚,zhǔ,Islet,
,3740,佯,yáng,Pretend,
,3741,嗦,suō,Suck,
,3742,筛,shāi,To filter,
,3743,酶,méi,Enzyme,
,3744,峦,luán,Mountain ranges,
,3745,掾,yuàn,Official,
,3746,濒,bīn,Near,
,3747,娼,chāng,Prostitute,
,3748,觥,gōng,Big,
,3749,捎,shāo,Bring or take (along),
,3750,绾,wǎn,Bind up,
,3751,跄,qiāng,Walk rapidly,
,3752,鹘,hú,Falcon,
,3753,忏,chàn,Feel remorse,
,3754,鸠,jiū,Turtle-dove,
,3755,翌,yì,Bright,
,3756,涿,zhuō,Place name,
,3757,钤,qián,Latch of door,
,3758,捻,niǎn,Twirl (in the fingers),
,3759,窒,zhì,Obstruct,
,3760,烘,hōng,Bake,
,3761,韧,rèn,Annealed,
,3762,鸥,ōu,Common gull,
,3763,漱,shù,To rinse (mouth),
,3764,炙,zhì,Broil,
,3765,匮,kuì,Lacking,
,3766,楞,léng,Corner,
,3767,冗,rǒng,Extraneous,
,3768,纥,gē,Knot,
,3769,蓦,mò,Leap on or over,
,3770,嗨,hāi,Oh alas,
,3771,蔼,ǎi,Friendly,
,3772,穹,qióng,Arched,
,3773,蛾,é,Moth,
,3774,铲,chǎn,Level off,
,3775,澈,chè,Clear (water),
,3776,柩,jiù,Bier,
,3777,茜,qiàn,Rubia cordiolia,
,3778,钺,yuè,Battle-axe,
,3779,踵,zhǒng,Arrive,
,3780,胺,àn,Amine,
,3781,谖,xuān,Hemerocallis flava,
,3782,弑,shì,Murder a superior,
,3783,跷,qiāo,Raise one's foot,
,3784,忤,wǔ,Disobedient,
,3785,蜘,zhī,Spider,
,3786,枫,fēng,Maple,
,3787,娴,xián,Elegant,
,3788,卞,biàn,Hurried,
,3789,蠓,měng,Grasshopper,
,3790,辂,lù,Chariot,
,3791,诮,qiào,Ridicule,
,3792,抟,tuán,Roll round with hand,
,3793,殃,yāng,Calamity,
,3794,筷,kuài,Chopstick,
,3795,衾,qīn,Coverlet,
,3796,陟,zhì,Advance,
,3797,侬,nóng,You (Shanghai dial.),
,3798,刍,chú,Cut grass,
,3799,搓,cuō,To rub or roll between the hands or fingers,
,3800,箕,jī,Winnow basket,
,3801,郧,yún,Name of a feudal state,
,3802,琵,pí,Mus. instr.,
,3803,熹,xī,Bright,
,3804,吠,fèi,To bark,
,3805,镂,lòu,Engrave,
,3806,菁,jīng,Flower of leek,
,3807,昶,chǎng,Bright,
,3808,辫,biàn,A braid or queue,
,3809,穗,suì,Ear of grain,
,3810,醴,lǐ,Sweet wine,
,3811,舵,duò,Helm,
,3812,昙,tán,Dark clouds,
,3813,饺,jiǎo,Dumplings with meat filling,
,3814,恬,tián,Quiet,
,3815,黔,qián,An old name for Guizhou (贵州) province,
,3816,奂,huàn,Excellent,
,3817,耙,bà,A rake,
,3818,钵,bō,Alms bowl,
,3819,嘈,cáo,Bustling,
,3820,踊,yǒng,Leap,
,3821,蛉,líng,Sandfly,
,3822,忱,chén,Sincerity,
,3823,墩,dūn,Block,
,3824,撬,qiào,To lift,
,3825,杲,gǎo,High,
,3826,炫,xuàn,Dazzle,
,3827,跻,jī,Go up,
,3828,叽,jī,Grumble,
,3829,憔,qiáo,Haggard,
,3830,挝,zhuā,Beat,
,3831,篆,zhuàn,Seal characters,
,3832,袒,tǎn,To bare,
,3833,剃,tì,Shave,
,3834,诅,zǔ,Curse,
,3835,涎,xián,Saliva,
,3836,璞,pú,Unpolished gem,
,3837,撮,cuō,Bring together,
,3838,硝,xiāo,Saltpeter,
,3839,萦,yíng,Wind around,
,3840,恙,yàng,Sickness,
,3841,阖,gé,Council-chamber,
,3842,栾,luán,Koelreuteria paniculata,
,3843,倌,guān,A groom,
,3844,邺,yè,Name of ancient district,
,3845,锺,zhōng,Ancient measure,
,3846,骋,chěng,Hasten,
,3847,稠,chóu,Dense,
,3848,苯,běn,Benzene,
,3849,饕,tāo,Gluttonous,
,3850,雉,zhì,Ringed pheasant,
,3851,吮,shǔn,To suck,
,3852,猝,cù,Abrupt,
,3853,樽,zūn,Goblet,
,3854,吆,yāo,Shout,
,3855,沓,tà,Again and again,
,3856,藕,ǒu,Root of lotus,
,3857,淤,yū,Silt,
,3858,橹,lǔ,Sculling oar,
,3859,匝,zā,Go round,
,3860,谯,qiáo,Drum tower,
,3861,茹,rú,Eat,
,3862,妪,yù,Brood over,
,3863,吒,zhà,Upbraid,
,3864,涞,lái,Brook,
,3865,阱,jǐng,Hole,
,3866,殁,mò,To end,
,3867,缢,yì,Hang,
,3868,曙,shǔ,Dawn,
,3869,傩,nuó,Exorcise demons,
,3870,酵,jiào,Yeast,
,3871,郓,yùn,Place name,
,3872,顼,xù,Grieved,
,3873,赉,lài,Bestow,
,3874,梵,fàn,Brahma,
,3875,蠹,dù,Bookworm,
,3876,缙,jìn,Red silk,
,3877,铡,zhá,Lever-knife,
,3878,跸,bì,To clear streets when emperor tours,
,3879,觞,shāng,Feast,
,3880,邯,hán,Name of a district in Hebei,
,3881,纭,yún,Confused,
,3882,懋,mào,Be great,
,3883,廿,niàn,Twenty,
,3884,钳,qián,Pincers,
,3885,谝,piǎn,Brag,
,3886,汛,xùn,High water,
,3887,寰,huán,Large domain,
,3888,橐,tuó,Sack,
,3889,眸,móu,Pupil of the eye,
,3890,猖,chāng,Mad,
,3891,劭,shào,Stimulate to effort,
,3892,嚎,háo,Howl,
,3893,戾,lì,Do violence,
,3894,蹑,niè,Chase,
,3895,酪,lào,Chinese cream,
,3896,苞,bāo,Flower calyx,
,3897,糙,cāo,Rough,
,3898,诽,fěi,Slander,
,3899,屉,tì,Drawer,
,3900,捂,wǔ,Resist,
,3901,羹,gēng,Soup,
,3902,擂,léi,Beat,
,3903,埠,bù,A jetty,
,3904,歆,xīn,Pleased,
,3905,曷,hé,Why,
,3906,犊,dú,Calf,
,3907,佬,lǎo,Male,
,3908,苤,piě,Brassica campestris subsp. rapa,
,3909,湃,pài,Sound of waves,
,3910,阉,yān,Castrate,
,3911,缨,yīng,Tassel of hat,
,3912,笋,sǔn,Bamboo shoot,
,3913,筝,zhēng,Mus. instr.,
,3914,骥,jì,Thoroughbred horse,
,3915,瀑,bào,Shower (rain),
,3916,鹄,gǔ,Swan,
,3917,焙,bèi,To dry over a fire,
,3918,媪,ǎo,Old woman,
,3919,儆,jǐng,Warn,
,3920,诔,lěi,Eulogize the dead,
,3921,溆,xù,Name of a river,
,3922,豚,tún,Suckling pig,
,3923,卉,huì,Plants,
,3924,洼,wā,Winding ditch,
,3925,醮,jiào,Perform sacrifice,
,3926,憋,biē,Hold in (urine),
,3927,蛊,gǔ,Insanity,
,3928,祟,suì,Evil spirit,
,3929,谡,sù,Composed,
,3930,砚,yàn,Ink-stone,
,3931,彤,tóng,Red,
,3932,蟒,mǎng,Python molurus,
,3933,琨,kūn,Jade,
,3934,翎,líng,Tail feathers,
,3935,甭,béng,Need not,
,3936,檬,méng,Lemon,
,3937,霹,pī,Clap of thunder,
,3938,菇,gū,Mushroom,
,3939,庖,páo,Kitchen,
,3940,炬,jù,Torch,
,3941,皎,jiǎo,Bright,
,3942,亵,xiè,Licentious,
,3943,悸,jì,Afraid,
,3944,罄,qìng,Entirely,
,3945,凋,diāo,Withered,
,3946,蛭,zhì,Fluke,
,3947,茉,mò,Jasmine,
,3948,荼,tú,Sonchus oleraceus,
,3949,兖,yǎn,Place name,
,3950,鬻,yù,Vend,
,3951,珂,kē,Jade-like stone,
,3952,畸,jī,Fractional remains,
,3953,鹉,wǔ,Parrot,
,3954,乒,pīng,Bing (onomat.),
,3955,皖,wǎn,Anhui,
,3956,啄,zhuó,To peck,
,3957,呛,qiāng,Against wind,
,3958,渝,yú,Chongqing,
,3959,繇,yáo,Folk-song,
,3960,肋,lèi,Rib,
,3961,眺,tiào,Gaze afar,
,3962,蹬,dèng,Step into (as tight shoe),
,3963,锄,chú,A hoe,
,3964,轧,yà,Crush,
,3965,蠡,lí,Calabash,
,3966,籴,dí,Buy up (grain),
,3967,粱,liáng,Sorghum,
,3968,谠,dǎng,Advice,
,3969,揆,kuí,Consider,
,3970,霓,ní,Rainbow,
,3971,瑁,mào,Jade,
,3972,笫,zǐ,Planks of bed,
,3973,铢,zhū,Forty-eighth part of a tael,
,3974,眶,kuàng,Eye socket,
,3975,啬,sè,Stingy,
,3976,闱,wéi,Door to women's room,
,3977,汶,wèn,Name of a river,
,3978,镏,liú,Lutecium,
,3979,桢,zhēn,Evergreen shrub,
,3980,柿,shì,Persimmon,
,3981,呱,gū,Crying sound of child,
,3982,秤,chěng,Steel yard,
,3983,腋,yè,Armpit,
,3984,杳,yǎo,Dark and quiet,
,3985,愍,mǐn,Pity,
,3986,雏,chú,Chick,
,3987,妗,jìn,Wife of mother's brother,
,3988,漓,lí,Pattering (of rain),
,3989,獭,tǎ,Otter,
,3990,喙,huì,Beak,
,3991,瓮,wèng,Earthen jar,
,3992,筐,kuāng,Basket,
,3993,缭,liáo,Lines for a sail,
,3994,骼,gé,Skeleton,
,3995,涸,hé,To dry,
,3996,陂,pí,Reservoir,
,3997,妞,niū,Little girl,
,3998,淙,cóng,Noise of water,
,3999,峤,jiào,Highest peak,
,4000,瘾,yǐn,Addiction,
,4001,舫,fǎng,2 boats lashed together,
,4002,咀,jǔ,Chew,
,4003,啃,kěn,To gnaw,
,4004,斫,zhuó,Chop,
,4005,跤,jiāo,Bones of leg,
,4006,麝,shè,Musk deer,
,4007,俐,lì,Clever,
,4008,骧,xiāng,Prance (as a horse),
,4009,邈,miǎo,Profound,
,4010,燮,xiè,Harmony,
,4011,荚,jiá,Pod,
,4012,痊,quán,Recover (from illness),
,4013,渣,zhā,Dregs,
,4014,迤,yí,Winding,
,4015,鹞,yào,Sparrow hawk,
,4016,锢,gù,Obstinate disease,
,4017,琮,cóng,Octagonal jade badge,
,4018,诖,guà,Deceive,
,4019,踞,jù,Be based upon,
,4020,沌,dùn,Confused,
,4021,磋,cuō,Deliberate,
,4022,疹,zhěn,Measles,
,4023,塾,shú,Private tutorage,
,4024,婷,tíng,Graceful,
,4025,貂,diāo,Sable,
,4026,棣,dì,Kerria japonica,
,4027,詈,lì,Curse,
,4028,哆,duō,Quiver,
,4029,袂,mèi,Sleeve of a robe,
,4030,岫,xiù,Cave,
,4031,恻,cè,Sorrowful,
,4032,滇,diān,Yunnan,
,4033,燎,liáo,Singe,
,4034,堋,péng,Target in archery,
,4035,渌,lù,Clear (water),
,4036,厩,jiù,A stable,
,4037,涟,lián,Ripple,
,4038,桔,jié,Platycodon grandiflorus,
,4039,濉,suī,Name of a river,
,4040,鄱,pó,Name of a lake,
,4041,邃,suì,Deep,
,4042,嘤,yīng,Calling of birds,
,4043,讪,shàn,Abuse,
,4044,隧,suì,Subterranean,
,4045,纫,rèn,To string,
,4046,雳,lì,Clap of thunder,
,4047,愆,qiān,Fault,
,4048,蕖,qú,Lotus,
,4049,悚,sǒng,Frightened,
,4050,夤,yín,Late at night,
,4051,瞩,zhǔ,To gaze at,
,4052,锵,qiāng,Tinkling of small bells,
,4053,庠,xiáng,Asylum for the aged,
,4054,睾,gāo,Bank,
,4055,畹,wǎn,A field of 20 or 30 mu,
,4056,跛,bǒ,Lame,
,4057,箍,gū,Hoop,
,4058,滦,luán,Name of a river,
,4059,萼,è,Stem and calyx of flower,
,4060,瑕,xiá,Blemish,
,4061,瓒,zàn,Libation cup,
,4062,腑,fǔ,Internal organs,
,4063,竦,sǒng,Horrified,
,4064,亘,gèn,Extend across,
,4065,赜,zé,Mysterious,
,4066,阕,què,Section of a song,
,4067,媛,yuán,A beauty,
,4068,毂,gū,Wheel,
,4069,魇,yǎn,Nightmare,
,4070,芮,ruì,Small,
,4071,浔,xún,Name of a river,
,4072,昵,nì,Familiar,
,4073,翱,áo,Soar,
,4074,捅,tǒng,Poke through,
,4075,搔,sāo,Disturb,
,4076,鑫,xīn,Used in names,
,4077,俦,chóu,Comrades,
,4078,诃,hē,To blame,
,4079,饯,jiàn,Farewell dinner,
,4080,辎,zī,Milit. supply,
,4081,疽,jū,Gangrene,
,4082,佚,yì,Idle,
,4083,糁,sǎn,To mix (of powders),
,4084,痢,lì,Dysentery,
,4085,暄,xuān,Genial and warm,
,4086,癖,pǐ,Habit,
,4087,荔,lì,Litchi,
,4088,圜,huán,Circle,
,4089,祺,qí,Felicity,
,4090,喳,chā,Twitter,
,4091,庑,wǔ,Veranda,
,4092,呷,xiā,Suck,
,4093,蹇,jiǎn,Difficulty,
,4094,獠,liáo,Fierce,
,4095,翦,jiǎn,Cut with scissors,
,4096,憬,jǐng,Awaken,
,4097,阂,hé,Obstruct,
,4098,曦,xī,Light of day,
,4099,镌,juān,Degrade,
,4100,羔,gāo,Lamb,
,4101,壹,yī,One (alternate form of 一 used on checks),
,4102,勖,xù,Exhort,
,4103,涔,cén,Overflow,
,4104,掐,qiā,Pick (flowers),
,4105,湍,tuān,To rush (of water),
,4106,僦,jiù,Hire,
,4107,蒜,suàn,Garlic,
,4108,磬,qìng,Musical stone,
,4109,辗,zhǎn,Roll over on side,
,4110,唧,jī,To pump (water),
,4111,匏,páo,Bottle gourd,
,4112,髅,lóu,Skull,
,4113,莅,lì,Attend (official functions),
,4114,苻,fú,Angelica anomala,
,4115,茗,míng,Thea sinensis,
,4116,蛹,yǒng,Chrysalis,
,4117,槊,shuò,Long lance,
,4118,竣,jùn,Complete,
,4119,骈,pián,Literary style,
,4120,隽,juàn,Smart,
,4121,珥,ěr,Pearl or jade earring,
,4122,橙,chéng,Orange tree,
,4123,掺,chān,Mix,
,4124,芷,zhǐ,Plant root used for medicine,
,4125,荥,xíng,Place name,
,4126,萤,yíng,Firefly,
,4127,暧,ài,Obscure,
,4128,诋,dǐ,Defame,
,4129,殓,liàn,Prepare body for coffin,
,4130,偌,ruò,So,
,4131,轸,zhěn,D (11th),
,4132,娑,suō,Loose,
,4133,镐,gǎo,A pick,
,4134,淖,nào,Slush,
,4135,怏,yàng,Discontented,
,4136,搿,gé,To hug,
,4137,斓,lán,Variegated,
,4138,诳,kuáng,Deceive,
,4139,蟀,shuài,Cricket,
,4140,钪,kàng,Scandium,
,4141,忡,chōng,Grieved,
,4142,熳,màn,To spread,
,4143,芄,wán,Metaplexis stauntoni,
,4144,磊,lěi,Lumpy,
,4145,浒,hǔ,Bank of a river,
,4146,孵,fū,Hatch,
,4147,忝,tiǎn,To shame,
,4148,雒,luò,Black horse with white mane,
,4149,沥,lì,Drip,
,4150,壅,yōng,Obstruct,
,4151,盥,guàn,Wash (especially hands),
,4152,瘴,zhàng,Malaria,
,4153,嘁,qī,Whispering sound,
,4154,暹,xiān,Siam,
,4155,钠,nà,Sodium,
,4156,剽,piāo,To rob,
,4157,缥,piǎo,Misty,
,4158,唆,suō,Incite,
,4159,舔,tiǎn,To lick,
,4160,氤,yīn,Generative forces,
,4161,蚴,yòu,Larva,
,4162,醯,xī,Acyl,
,4163,虬,qiú,Young dragon with horns,
,4164,烬,jìn,Ashes,
,4165,鳖,biē,Turtle,
,4166,呤,líng,Purine in chem. compound,
,4167,帚,zhǒu,Broom,
,4168,苌,cháng,Carambola,
,4169,赀,zī,Fine instead of punishment,
,4170,笈,jí,Trunks (for books),
,4171,渍,zì,Saturate,
,4172,玳,dài,Tortoise shell,
,4173,鹑,chún,Quail,
,4174,颢,hào,Bright,
,4175,狒,fèi,Hamadryad baboon,
,4176,瓢,piáo,Dipper,
,4177,蔷,qiáng,Wild rose,
,4178,逡,qūn,Shrink from,
,4179,氲,yūn,Heavy atmosphere,
,4180,蝠,fú,Bat,
,4181,颌,hé,Maxilla and mandible,
,4182,哝,nóng,Garrulous,
,4183,脓,nóng,Pus,
,4184,昱,yù,Bright light,
,4185,畋,tián,Cultivate (land),
,4186,嵋,méi,Name of a mountain in Sichuan,
,4187,茧,jiǎn,Cocoon,
,4188,隍,huáng,Dry moat,
,4189,锌,xīn,Zinc,
,4190,跏,jiā,Sit cross-legged,
,4191,鬃,zōng,Bristles,
,4192,燧,suì,Fire,
,4193,咆,páo,To roar,
,4194,瘸,qué,Lame,
,4195,昕,xīn,Dawn,
,4196,囱,cōng,Window,
,4197,砾,lì,Gravel,
,4198,扉,fēi,Door with only one leaf,
,4199,诜,shēn,Inform,
,4200,鸨,bǎo,Chinese bustard,
,4201,嗄,á,Ah (exclamatory part.),
,4202,昴,mǎo,The Pleiades,
,4203,瑙,nǎo,Agate,
,4204,拎,līng,To haul,
,4205,罡,gāng,Stars,
,4206,藜,lí,Chenopodium album,
,4207,疵,cī,Blemish,
,4208,烽,fēng,Beacon fire,
,4209,迢,tiáo,Remote,
,4210,猗,yī,Interj.,
,4211,煨,wēi,Simmer,
,4212,痉,jìng,Spasm,
,4213,龛,kān,Niche,
,4214,蹊,xī,Footpath,
,4215,贽,zhì,Gifts to superiors,
,4216,沔,miǎn,Inundation,
,4217,挞,tà,Flog,
,4218,盅,zhōng,Cup,
,4219,麒,qí,Mythical unicorn,
,4220,骞,qiān,Defective,
,4221,蕾,lěi,Bud,
,4222,诒,yí,A present in writing,
,4223,橄,gǎn,Olive,
,4224,咪,mī,Sound to call cat,
,4225,洮,táo,Cleanse,
,4226,轲,kē,Given name of Mencius,
,4227,铠,kǎi,Armor,
,4228,寤,wù,Awake from sleep,
,4229,戬,jiǎn,Carry to the utmost,
,4230,铣,xiǎn,Shining metal,
,4231,漾,yàng,D (23rd),
,4232,籽,zǐ,Seeds,
,4233,幄,wò,Tent,
,4234,亳,bó,Name of district in Anhui,
,4235,诟,gòu,Sense of shame,
,4236,婺,wù,Beautiful,
,4237,犒,kào,Give a bonus to,
,4238,诿,wěi,Shirk,
,4239,妊,rèn,Be pregnant,
,4240,狞,níng,Fierce-looking,
,4241,骷,kū,Skeleton,
,4242,惋,wǎn,Regret,
,4243,谚,yàn,Proverb,
,4244,橘,jú,Tangerine,
,4245,郸,dān,Name of a district in Hebei,
,4246,锈,xiù,Rust,
,4247,胛,jiǎ,Shoulder blade,
,4248,雠,chóu,Enmity,
,4249,谮,zèn,Slander,
,4250,睫,jié,Eyelashes,
,4251,弈,yì,Chinese chess game,
,4252,馒,mán,Steamed bread,
,4253,曝,pù,To air,
,4254,哽,gěng,Choking,
,4255,阪,bǎn,A slope,
,4256,淞,sōng,Name of a river,
,4257,蟪,huì,Platypleura kaempferi,
,4258,厝,cuò,Bury,
,4259,噩,è,Startling,
,4260,谆,zhūn,Repeatedly (in giving advice),
,4261,啻,chì,Just,
,4262,闼,tà,Door of an inner room,
,4263,嗝,gé,Hiccup,
,4264,淇,qí,Name of a river,
,4265,瀚,hàn,Ocean,
,4266,宕,dàng,Dissipated,
,4267,惴,zhuì,Anxious,
,4268,颔,hàn,Chin,
,4269,坍,tān,Collapse,
,4270,覃,tán,Deep,
,4271,硅,guī,Silicon,
,4272,袤,mào,Length,
,4273,唠,láo,To chatter,
,4274,惆,chóu,Forlorn,
,4275,晷,guǐ,Sundial,
,4276,琰,yǎn,Gem,
,4277,恂,xún,Sincere,
,4278,镒,yì,Abrasion,
,4279,揩,kāi,Wipe,
,4280,旒,liú,Tassel,
,4281,憨,hān,Silly,
,4282,醺,xūn,Helplessly intoxicated,
,4283,疡,yáng,Ulcers,
,4284,彷,páng,Irresolute,
,4285,憧,chōng,Irresolute,
,4286,逶,wēi,Winding,
,4287,莒,jǔ,Fibrous plant,
,4288,啜,chuò,Drink,
,4289,蚓,yǐn,Earthworm,
,4290,峒,tóng,Name of a mountain,
,4291,馑,jǐn,Time of famine or crop failure,
,4292,肱,gōng,Brachium,
,4293,藐,miǎo,Despise,
,4294,獗,jué,Unruly,
,4295,癞,lài,Scabies,
,4296,滓,zǐ,Dregs,
,4297,伢,yá,Child (collequial),
,4298,珑,lóng,Tinkling of gem-pendants,
,4299,惘,wǎng,Desolate,
,4300,狎,xiá,Be intimate with,
,4301,饔,yōng,Dressed food,
,4302,莘,shēn,Long,
,4303,捱,ái,Dawdle,
,4304,裆,dāng,Crotch,
,4305,胱,guāng,Bladder,
,4306,窠,kē,Nest,
,4307,蜃,shèn,Clam,
,4308,鞑,dá,Tartar,
,4309,魑,chī,Mountain elf,
,4310,抨,pēng,Attack,
,4311,噗,pū,Sound of escaping laughter,
,4312,钍,tǔ,Thorium,
,4313,薯,shǔ,Potato,
,4314,粢,zī,Common millet,
,4315,窈,yǎo,Deep,
,4316,蕲,qí,Implore,
,4317,逖,tì,Far,
,4318,釜,fǔ,Kettle,
,4319,湫,jiǎo,Marsh,
,4320,鹗,è,Fish eagle,
,4321,帑,tǎng,Treasury,
,4322,碛,qì,Moraine,
,4323,挈,qiè,Pull out,
,4324,俪,lì,Husband and wife,
,4325,芹,qín,Chinese celery,
,4326,仄,zè,Oblique tone,
,4327,蚪,dǒu,Tadpole,
,4328,踝,huái,Ankle (bone),
,4329,侔,móu,Similar,
,4330,叵,pǒ,Not,
,4331,拌,bàn,To mix,
,4332,狙,jū,To spy,
,4333,荻,dí,Anaphalis yedoensis,
,4334,骊,lí,Black horse,
,4335,啧,zé,To click one's tongue,
,4336,啖,dàn,Eat,
,4337,嬖,bì,Favorite,
,4338,皈,guī,Comply with,
,4339,蘸,zhàn,To dip in (ink,
,4340,盂,yú,Container,
,4341,倔,jué,Crabby,
,4342,蛴,qí,Larva,
,4343,橛,jué,A peg,
,4344,蜒,yán,Slug,
,4345,喏,rě,To salute,
,4346,恿,yǒng,Urge,
,4347,葆,bǎo,Dense foliage,
,4348,蓖,bì,The castor-oil plant,
,4349,愫,sù,Guileless,
,4350,煲,bāo,Pot or saucepan,
,4351,蠖,huò,Looper caterpillar,
,4352,碇,dìng,Anchor,
,4353,肛,gāng,Anus,
,4354,绚,xuàn,Adorned,
,4355,莞,guān,Skimmia japonica,
,4356,榭,xiè,Pavilion,
,4357,馍,mó,Small loaf of steamed bread,
,4358,燔,fán,Burn,
,4359,蚤,zǎo,Flea,
,4360,倨,jù,Stubborn,
,4361,澎,péng,Sound of waves,
,4362,鞯,jiān,Saddle blanket,
,4363,玷,diàn,Blemish,
,4364,阼,zuò,Steps leading to the eastern door,
,4365,鋈,wù,#NAME?,
,4366,哒,dā,Command to a horse,
,4367,浜,bāng,Stream,
,4368,朐,qú,Surname,
,4369,瘠,jí,Barren,
,4370,蚌,bàng,Oysters,
,4371,拊,fǔ,Pat,
,4372,浼,měi,Ask a favor of,
,4373,俣,yǔ,Big,
,4374,婵,chán,Beautiful,
,4375,碾,niǎn,Stone roller,
,4376,嶂,zhàng,Cliff,
,4377,霁,jì,Sky clearing up,
,4378,霭,ǎi,Cloudy sky,
,4379,羰,tāng,Carbonyl (radical),
,4380,砺,lì,Grind,
,4381,楫,jí,Oar,
,4382,琬,wǎn,Ensign of royalty,
,4383,鹭,lù,Heron,
,4384,娠,shēn,Pregnant,
,4385,牖,yǒu,Enlighten,
,4386,祉,zhǐ,Felicity,
,4387,抉,jué,Dig,
,4388,绦,tāo,Braid,
,4389,簸,bǒ,To winnow,
,4390,豺,chái,Ravenous beast,
,4391,沅,yuán,Name of a river,
,4392,蹂,róu,Trample,
,4393,髡,kūn,Make the head bald,
,4394,猥,wěi,Humble,
,4395,鲋,fù,Silver carp,
,4396,鸵,tuó,Ostrich,
,4397,曛,xūn,Twilight,
,4398,缯,zēng,Silk fabrics,
,4399,岷,mín,Name of a river in Sichuan,
,4400,宓,mì,Still,
,4401,淅,xī,Sound of rain,
,4402,黝,yǒu,Black,
,4403,桅,wéi,Mast,
,4404,伫,zhù,Wait,
,4405,诓,kuāng,Mislead,
,4406,咂,zā,Smack one's lips,
,4407,绻,quǎn,Bound in a league,
,4408,臆,yì,Feelings,
,4409,缫,sāo,Reel silk from cocoons,
,4410,钔,mén,Mendelevium,
,4411,拮,jié,Antagonistic,
,4412,槌,chuí,Hammer,
,4413,砥,dǐ,Baffle (pier),
,4414,奘,zàng,Great,
,4415,洵,xún,Truly,
,4416,旃,zhān,Felt,
,4417,馐,xiū,Delicacies,
,4418,蹿,cuān,Jump up,
,4419,锚,máo,Anchor,
,4420,旄,máo,Banner decorated with animal's tail,
,4421,疙,gē,Pimple,
,4422,箴,zhēn,Warn,
,4423,靼,dá,Dressed leather,
,4424,啾,jiū,Wailing of child,
,4425,筏,fá,Raft (of logs),
,4426,俅,qiú,Ornamental cap,
,4427,蚨,fú,Money,
,4428,骰,tóu,Cuboid bone,
,4429,蚩,chī,Ignorant,
,4430,粑,bā,Tsamba (food in Tibet),
,4431,楹,yíng,Pillar,
,4432,靳,jìn,Martingale,
,4433,躔,chán,Course of stars,
,4434,徭,yáo,Compulsory service,
,4435,杵,chǔ,Pestle,
,4436,秧,yāng,Shoots,
,4437,嗷,áo,Loud clamor,
,4438,咫,zhǐ,8 in. length unit of Zhou dynasty,
,4439,笪,dá,Rough bamboo mat,
,4440,淦,gàn,Name of a river,
,4441,孀,shuāng,Widow,
,4442,牝,pìn,Female,
,4443,馁,něi,Hungry,
,4444,筮,shì,Divine by stalk,
,4445,蛑,móu,Marine crab,
,4446,耘,yún,To weed,
,4447,缤,bīn,Helter-skelter,
,4448,鹬,yù,Common snipe,
,4449,笳,jiā,Whistle made of reed,
,4450,嗒,tà,To despair,
,4451,奁,lián,Bridal trousseau,
,4452,卮,zhī,Goblet,
,4453,蚣,gōng,Scolopendra centipede,
,4454,蚯,qiū,Earthworm,
,4455,蛩,qióng,Anxious,
,4456,鍪,móu,Iron pot,
,4457,汕,shàn,Swatow,
,4458,寮,liáo,Laos,
,4459,鸪,gū,Partridge,
,4460,晡,bū,3-5 p.m.,
,4461,婕,jié,Handsome,
,4462,捺,nà,Press down firmly,
,4463,崽,zǎi,Young of animals,
,4464,钿,diàn,Gold inlaid work,
,4465,聆,líng,Apprehend,
,4466,懵,měng,Stupid,
,4467,楣,méi,Lintel,
,4468,裎,chéng,Take off clothes,
,4469,菟,tù,Dodder,
,4470,侗,dòng,Ignorant,
,4471,湎,miǎn,Drunk,
,4472,毖,bì,Careful,
,4473,瘩,dá,Sore,
,4474,闳,hóng,Big,
,4475,灏,hào,Vast (of water),
,4476,蛤,gé,Clam,
,4477,诨,hùn,Jest,
,4478,瞑,míng,Close the eyes,
,4479,镀,dù,#NAME?,
,4480,坷,kě,Uneven (path),
,4481,簌,sù,Dense vegetation,
,4482,攫,jué,Seize (bird or animal),
,4483,氮,dàn,Nitrogen,
,4484,痔,zhì,Piles,
,4485,苁,cōng,Boschniakia glabra,
,4486,阄,jiū,Lots,
,4487,舨,bǎn,Sampan,
,4488,湄,méi,Brink,
,4489,佗,tuó,Carry on the back,
,4490,炜,wěi,Glow,
,4491,罴,pí,Bear,
,4492,莆,pú,Place name,
,4493,嗉,sù,Crop (of bird),
,4494,螂,láng,Dragonfly,
,4495,撂,liào,To leave (it),
,4496,悌,tì,Do one's duty as a younger brother,
,4497,镯,zhuó,Bracelet,
,4498,跣,xiǎn,Barefooted,
,4499,艄,shāo,Stern of boat,
,4500,碉,diāo,Tibetan stone house,
,4501,炖,dùn,Stew slowly,
,4502,趺,fū,Instep,
,4503,褶,xí,Court dress,
,4504,诹,zōu,Choose,
,4505,喋,dié,Flowing flood,
,4506,蘑,mó,Mushroom,
,4507,楠,nán,Machilus nanmu,
,4508,衿,jīn,Overlapping part of Chinese gown,
,4509,徼,jiǎo,By mere luck,
,4510,灸,jiǔ,Cauterize,
,4511,疟,nuè,Malaria,
,4512,怆,chuàng,Mournful,
,4513,阏,è,Shut,
,4514,彀,gòu,Enough,
,4515,盍,hé,Why not,
,4516,揍,zòu,Beat up,
,4517,樟,zhāng,Camphor,
,4518,巅,diān,Summit,
,4519,饴,yí,Syrup,
,4520,醢,hǎi,Minced meat,
,4521,龈,kěn,Gnaw,
,4522,刨,bào,A plane,
,4523,谇,suì,Abuse,
,4524,逯,lù,Go carefully,
,4525,腓,féi,Calf of leg,
,4526,魃,bá,Drought demon,
,4527,倬,zhuō,Noticeable,
,4528,谶,chèn,Prophecy,
,4529,薮,sǒu,Marsh,
,4530,呶,náo,Clamor,
,4531,歙,shè,Name of a district in Anhui,
,4532,漪,yī,Ripple,
,4533,舐,shì,To lick,
,4534,祜,hù,Celestial blessing,
,4535,羯,jié,Castrate a ram,
,4536,邛,qióng,Mound,
,4537,愠,yùn,Indignant,
,4538,璐,lù,Jade,
,4539,涑,sù,Name of a river,
,4540,媲,pì,To match,
,4541,怦,pēng,Impulsive,
,4542,逅,hòu,Meet unexpectedly,
,4543,轶,yì,Disperse,
,4544,铉,xuàn,Stand for bronze tripod (archeol.),
,4545,翡,fěi,Green jade,
,4546,逦,lǐ,Winding,
,4547,罟,gǔ,Implicate,
,4548,惦,diàn,Think of,
,4549,偻,lóu,Hunchback,
,4550,黠,xiá,Crafty,
,4551,傀,guī,Grand,
,4552,涝,lào,Flooded,
,4553,撵,niǎn,Expel,
,4554,嗑,kè,To crack (seeds) with front teeth,
,4555,窕,tiǎo,Quiet and elegant,
,4556,衲,nà,Cassock,
,4557,镁,měi,Magnesium,
,4558,蜓,tíng,Dragonfly,
,4559,殄,tiǎn,Exterminate,
,4560,岬,jiǎ,Cape (geog.),
,4561,郴,chēn,Name of a district in Hunan,
,4562,乩,jī,To divine,
,4563,璜,huáng,Semi-circular jade ornament,
,4564,颛,zhuān,Good,
,4565,哂,shěn,Smile,
,4566,馅,xiàn,Stuffing,
,4567,茏,lóng,Polygonum posumbu,
,4568,泓,hóng,Clear,
,4569,赓,gēng,Continue (as a song),
,4570,瞟,piǎo,Cast a glance,
,4571,瞳,tóng,Pupil of the eye,
,4572,曩,nǎng,In former times,
,4573,漉,lù,Strain liquids,
,4574,娓,wěi,Active,
,4575,悻,xìng,Angry,
,4576,勰,xié,Harmonious,
,4577,阃,kǔn,Door to women's room,
,4578,笄,jī,15 years old,
,4579,觊,jì,Covet,
,4580,荃,quán,Fragrant plant,
,4581,糠,kāng,Husk,
,4582,粼,lín,Clear (as of water),
,4583,龊,chuò,Dirty,
,4584,脐,qí,Navel,
,4585,芤,kōu,Hollow,
,4586,澶,chán,Still (as of water),
,4587,濯,zhuó,Rinse,
,4588,榈,lǘ,Palm tree,
,4589,跺,duò,Stamp one's foot,
,4590,醪,láo,Wine or liquor with sediment,
,4591,榄,lǎn,Olive,
,4592,裾,jū,Garment,
,4593,蹶,jué,Stumble,
,4594,嗫,niè,Move the mouth as in speaking,
,4595,瓯,ōu,Bowl,
,4596,嵇,jī,Name of a mountain,
,4597,芥,jiè,Mustard,
,4598,岌,jí,Lofty peak,
,4599,阒,qù,Live alone,
,4600,嗥,háo,Howl,
,4601,跚,shān,Limp,
,4602,墀,chí,Courtyard,
,4603,荤,hūn,Meat dish,
,4604,俳,pái,Irresolute,
,4605,妍,yán,Beautiful,
,4606,霾,mái,Dust-storm,
,4607,穰,ráng,Abundant,
,4608,笮,zé,Board under tiles on roof,
,4609,恽,yùn,Surname,
,4610,潢,huáng,Dye paper,
,4611,遑,huáng,Leisure,
,4612,锷,è,Blade edge,
,4613,隗,wěi,Eminent,
,4614,镆,mò,Sword,
,4615,餍,yàn,Eat to the full,
,4616,袷,jiá,Lined,
,4617,鼐,nài,Incense tripod,
,4618,飧,sūn,Supper,
,4619,瘗,yì,Bury,
,4620,殒,yǔn,Perish,
,4621,鸩,zhèn,Poisonous,
,4622,辘,lù,Windlass,
,4623,飒,sà,Declining,
,4624,鼾,hān,Snore,
,4625,惬,qiè,Cheerful,
,4626,儡,lěi,Injure,
,4627,咛,níng,Enjoin,
,4628,黏,nián,Sticky,
,4629,槁,gǎo,Dry,
,4630,胍,guā,Guanidine,
,4631,娉,pīng,Graceful,
,4632,鲈,lú,Common perch,
,4633,笸,pǒ,Flat basket-tray,
,4634,箸,zhù,Chopsticks,
,4635,卣,yǒu,Wine container,
,4636,栩,xǔ,Quercus serrata,
,4637,鸱,chī,Scops owl,
,4638,笕,jiǎn,Bamboo water pipe,
,4639,笤,tiáo,Broom,
,4640,刈,yì,Mow,
,4641,倜,tì,Energetic,
,4642,鄢,yān,Name of a feudal state,
,4643,洎,jì,To reach,
,4644,蒿,hāo,Wormwood,
,4645,媸,chī,Ugly woman,
,4646,圩,wéi,Dike,
,4647,菔,fú,Turnip,
,4648,喟,kuì,To sigh,
,4649,濡,rú,Dilatory,
,4650,胙,zuò,Confer upon,
,4651,蚱,zhà,Grasshopper,
,4652,羸,léi,Entangled,
,4653,淝,féi,Name of a river,
,4654,铿,kēng,Jingling of metals,
,4655,侏,zhū,Dwarf,
,4656,阍,hūn,Door-keeper,
,4657,澧,lǐ,Name of a river,
,4658,珏,jué,Gems mounted together,
,4659,裟,shā,Buddhist monk's robe,
,4660,喑,yīn,Dumb,
,4661,孪,luán,Twins,
,4662,髀,bì,Buttocks,
,4663,剐,guǎ,Cut off the flesh as punishment,
,4664,筱,xiǎo,Dwarf bamboo,
,4665,嶷,yí,Name of a mountain in Hunan,
,4666,榔,láng,Tree,
,4667,糯,nuò,Glutinous rice,
,4668,渖,shěn,Place name,
,4669,舸,gě,Barge,
,4670,涪,fú,Name of a river,
,4671,炅,guì,Surname,
,4672,娲,wā,Sister of Fu2 Xi1,
,4673,夥,huǒ,Assistant,
,4674,蹭,céng,Rub,
,4675,榛,zhēn,Hazel tree,
,4676,鼋,yuán,Sea turtle,
,4677,宄,guǐ,Traitor,
,4678,鹧,zhè,Partridge,
,4679,暝,míng,Dark,
,4680,袈,jiā,Buddhist monk's robe,
,4681,滂,pāng,Rushing (water),
,4682,弭,mǐ,To stop,
,4683,棹,zhuō,Table,
,4684,蝎,xiē,Scorpion,
,4685,摈,bìn,Reject,
,4686,痘,dòu,Small pox,
,4687,驷,sì,Team of 4 horses,
,4688,抿,mǐn,Purse up (lips),
,4689,焊,hàn,Welding,
,4690,赝,yàn,0,
,4691,胭,yān,Rouge,
,4692,蜻,qīng,Dragonfly,
,4693,刖,yuè,Cut off the feet as punishment,
,4694,蛰,zhé,Hibernate,
,4695,泸,lú,Name of a river,
,4696,呗,bài,To chant,
,4697,蚧,jiè,Horned toad,
,4698,囟,xìn,Skull,
,4699,沱,tuó,Tearful,
,4700,窿,lóng,Cavity,
,4701,缟,gǎo,Plain white silk,
,4702,晾,liàng,To dry in the air,
,4703,峪,yù,Valley,
,4704,慵,yōng,Careless,
,4705,帻,zé,Conical cap,
,4706,锹,qiāo,Shovel,
,4707,菸,yān,Cigarette,
,4708,渫,xiè,Get rid of,
,4709,汞,gǒng,Mercury,
,4710,馋,chán,Gluttonous,
,4711,拄,zhǔ,Post,
,4712,藓,xiǎn,Mosses on damp walls,
,4713,肽,tài,Peptide,
,4714,翳,yì,Feather screen,
,4715,魉,liǎng,Sprite,
,4716,讦,jié,Accuse,
,4717,虱,shī,Louse,
,4718,蛐,qū,Cricket,
,4719,蜷,quán,Melania libertina,
,4720,鳄,è,Crocodile,
,4721,榨,zhà,Salted vegetable,
,4722,瞰,kàn,Bird's-eye view,
,4723,镉,gé,Cadmium,
,4724,鲨,shā,Shark,
,4725,屹,yì,High and steep,
,4726,啮,niè,Gnaw,
,4727,搪,táng,Keep out,
,4728,蟋,xī,Cricket,
,4729,虺,huī,Sick,
,4730,捌,bā,Complicated form of the numeral eight,
,4731,玮,wěi,Precious,
,4732,刎,wěn,Cut across (throat),
,4733,崧,sōng,Lofty,
,4734,苫,shān,Straw mat,
,4735,菀,wǎn,Luxuriance of growth,
,4736,饨,tún,Chinese ravioli,
,4737,邙,máng,Name of a hill,
,4738,叼,diāo,Hold sth in the mouth,
,4739,闩,shuān,To bolt,
,4740,俑,yǒng,Wooden figures buried with the dead,
,4741,鄯,shàn,Name of a district in Xinjiang,
,4742,呓,yì,Talk in sleep,
,4743,邾,zhū,Name of a feudal state,
,4744,苡,yǐ,Plantago major l. var. asiatica,
,4745,虿,chài,An insect,
,4746,蛄,gū,Mole-cricket,
,4747,呸,pēi,To spit (in contempt),
,4748,蒯,kuǎi,A rush,
,4749,畚,běn,A basket or pan used for earth,
,4750,扪,mén,Lay hands on,
,4751,缜,zhěn,Fine and close,
,4752,帏,wéi,Curtain,
,4753,踅,chì,Walk with one leg,
,4754,婊,biǎo,Prostitute,
,4755,稔,rěn,Ripe grain,
,4756,搐,chù,Lead,
,4757,笊,zhào,Loosely woven bamboo ladle,
,4758,偾,fèn,Instigate,
,4759,碘,diǎn,Iodine,
,4760,阗,tián,Fill up,
,4761,潺,chán,Flow,
,4762,蠛,miè,Minute flies,
,4763,岖,qū,Rugged,
,4764,黼,fǔ,Embroidery,
,4765,嬗,shàn,Changes and succession,
,4766,恫,dòng,Frighten,
,4767,垛,duǒ,Battlement,
,4768,苋,xiàn,Amarantus mangostanus,
,4769,瑗,yuàn,Large jade ring,
,4770,沤,ōu,Bubble,
,4771,畛,zhěn,Border,
,4772,懔,lǐn,Fear,
,4773,漩,xuán,Eddy,
,4774,鼙,pí,Drum carried on horseback,
,4775,珙,gǒng,Gem,
,4776,缁,zī,Buddhists,
,4777,铰,jiǎo,Scissors,
,4778,镰,lián,Scythe,
,4779,粕,pò,Grains in distilled liquor,
,4780,鄄,juàn,Name of a district in Shandong,
,4781,梆,bāng,Watchman's rattle,
,4782,翕,xì,Agree,
,4783,桦,huà,Betula japonica,
,4784,濂,lián,Name of a river in Hunan,
,4785,矍,jué,Glance fearfully,
,4786,缣,jiān,Thick waterproof silk,
,4787,铐,kào,Shackles,
,4788,虻,méng,Tabanus trigonus,
,4789,竽,yú,Mus. instr.,
,4790,蝌,kē,Tadpole,
,4791,薏,yì,Coix lacryma,
,4792,槟,bīn,Areca,
,4793,觇,zhān,Keep at,
,4794,甬,yǒng,5 pecks (M),
,4795,怿,yì,Pleased,
,4796,胗,zhēn,Gizzard,
,4797,甑,zèng,Caldron,
,4798,坯,pī,Unburnt earthenware,
,4799,郦,lì,Ancient place name,
,4800,噎,yē,Choke,
,4801,湓,pén,Flowing of water,
,4802,妩,wǔ,Flatter,
,4803,谰,lán,Make a false charge,
,4804,腆,tiǎn,Make strong (as liquors),
,4805,淠,pì,Luxuriant (of water plants),
,4806,烨,yè,Blaze of fire,
,4807,飕,sōu,Blow (as of wind),
,4808,蜈,wú,Centipede,
,4809,刽,guì,Amputate,
,4810,萑,huán,Reeds,
,4811,缬,xié,Knot,
,4812,赊,shē,Buy on credit,
,4813,疣,yóu,Nodule,
,4814,泯,mǐn,Obliterate,
,4815,氟,fú,Fluorine,
,4816,痈,yōng,Carbuncle,
,4817,獾,huān,Badger,
,4818,仞,rèn,Measure,
,4819,蠊,lián,Cockroach,
,4820,讣,fù,Obituary notice,
,4821,葺,qì,To repair,
,4822,馗,kuí,Cheekbone,
,4823,柚,yòu,Pomelo,
,4824,憩,qì,To rest,
,4825,罂,yīng,Earthen jar with small mouth,
,4826,魍,wǎng,Elf,
,4827,暌,kuí,In opposition to,
,4828,颦,pín,Knit the brows,
,4829,柑,gān,Large tangerine,
,4830,楔,xiē,To wedge,
,4831,璨,càn,Gem,
,4832,樯,qiáng,Boom,
,4833,跎,tuó,Stumble,
,4834,樾,yuè,Shade of trees,
,4835,椽,chuán,Beam,
,4836,苓,líng,Fungus,
,4837,涠,wéi,Still water,
,4838,隰,xí,Low,
,4839,萱,xuān,Hemerocallis flava,
,4840,旆,pèi,Pennant,
,4841,蜿,wān,To move (as snake),
,4842,胝,zhī,Callous,
,4843,鹆,yù,Mynah,
,4844,滁,chú,Name of a river,
,4845,馄,hún,Chinese ravioli,
,4846,婀,ē,Graceful,
,4847,匐,fú,Fall prostrate,
,4848,樗,chū,Simarubaceae,
,4849,畲,yú,Cultivated field,
,4850,霰,xiàn,Sleet,
,4851,臬,niè,Provincial judge,
,4852,肓,huāng,Region between heart and diaphragm,
,4853,硎,xíng,Whetstone,
,4854,墉,yōng,Fortified wall,
,4855,鹳,guàn,Crane,
,4856,槎,chá,A raft made of bamboo or wood,
,4857,殇,shāng,Die prematurely,
,4858,旖,yǐ,Fluttering of flag,
,4859,钭,tǒu,A wine flagon,
,4860,罅,xià,Crack,
,4861,蹩,bié,Limp,
,4862,嵬,wéi,Rocky,
,4863,馊,sōu,Rancid,
,4864,褫,chǐ,Strip,
,4865,巽,xùn,A sign in the trigram,
,4866,芾,fèi,Small,
,4867,芨,jí,Bletilla hyacinthina (mucilaginous),
,4868,鞣,róu,Suede,
,4869,瘪,biě,Deflated,
,4870,睽,kuí,Separated,
,4871,钌,liǎo,Ruthenium,
,4872,饫,yù,Full (as of eating),
,4873,阌,wén,Wen xiang,
,4874,龌,wò,Dirty,
,4875,臊,sāo,Smell of urine,
,4876,蚬,xiǎn,Cyclina orientalis,
,4877,钾,jiǎ,Potassium,
,4878,荪,sūn,Fragrant grass,
,4879,謇,jiǎn,Speak out boldly,
,4880,缈,miǎo,Indistinct,
,4881,腴,yú,Fat on belly,
,4882,蝙,biān,Bat,
,4883,莩,fú,Pellicle of culms,
,4884,蛳,sī,Snail,
,4885,酚,fēn,Phenol,
,4886,芰,jì,Trapa natans,
,4887,妲,dá,Concubine of last Shang emperor,
,4888,庥,xiū,Protection,
,4889,峋,xún,Ranges of hills,
,4890,芟,shān,Cut down,
,4891,撺,cuān,Rush,
,4892,盱,xū,Anxious,
,4893,赭,zhě,Ocher,
,4894,狰,zhēng,Hideous,
,4895,嚏,tì,Sneeze,
,4896,祧,tiāo,Ancestral hall,
,4897,芩,qín,Phragmites japonica,
,4898,姗,shān,Deprecate,
,4899,螃,páng,Crab,
,4900,髁,kē,Condyles,
,4901,腌,yān,To salt,
,4902,陉,xíng,Border the stove,
,4903,飙,biāo,Whirlwind,
,4904,郅,zhì,Extremely,
,4905,褡,dā,Cummerbund,
,4906,溟,míng,Drizzle,
,4907,魈,xiāo,Elf,
,4908,钛,tài,Titanium,
,4909,泞,nìng,Muddy,
,4910,籁,lài,Music,
,4911,芗,xiāng,Fujian drama,
,4912,鳃,sāi,Gills of fish,
,4913,娣,dì,Wife of a younger brother,
,4914,瘁,cuì,Care-worn,
,4915,甓,pì,Glazed tile,
,4916,蛎,lì,Oyster,
,4917,摒,bìng,Arrange,
,4918,匦,guǐ,Small box,
,4919,锰,měng,Manganese,
,4920,鹩,liáo,Eastern wren,
,4921,龆,tiáo,Shed the milk teeth,
,4922,蘧,qú,Dianthus superbus,
,4923,阈,yù,Threshold,
,4924,旰,gàn,Sunset,
,4925,戢,jí,Collect oneself,
,4926,齑,jī,Fragment,
,4927,肫,zhūn,Gizzard,
,4928,钣,bǎn,Metal plate,
,4929,囿,yòu,Park,
,4930,睑,jiǎn,Eyelid,
,4931,篓,lǒu,Deep basket,
,4932,噫,yī,Belch,
,4933,茁,zhuó,Increase,
,4934,厣,yǎn,Operculum,
,4935,绡,xiāo,Raw silk,
,4936,焱,yàn,Flames,
,4937,绺,liǔ,Skein,
,4938,舻,lú,Bow of ship,
,4939,敉,mǐ,Peaceful,
,4940,岘,xiàn,Steep hill,
,4941,嵊,shèng,Name of a district in Zhejiang,
,4942,眈,dān,Gaze intently,
,4943,龉,yǔ,Irregular teeth,
,4944,蔗,zhè,Sugar cane,
,4945,嵘,róng,Lofty,
,4946,琥,hǔ,Amber,
,4947,鹫,jiù,Black eagle,
,4948,嬴,yíng,Full,
,4949,裢,lián,Pouch hung from belt,
,4950,溲,sōu,Urinate,
,4951,荟,huì,Flourish,
,4952,傣,dǎi,The Dai minority living in South China,
,4953,啐,cuì,Sip,
,4954,虼,gè,Flea,
,4955,飓,jù,Hurricane,
,4956,玖,jiǔ,Nine (fraud-proof),
,4957,诼,zhuó,Complain,
,4958,庋,guǐ,A cupboard or pantry to store,
,4959,秣,mò,Feed a horse with grain,
,4960,榱,cuī,Small rafter,
,4961,箧,qiè,Portfolio,
,4962,縻,mí,Tie up,
,4963,鄣,zhāng,Place name,
,4964,喾,kù,Name of an emperor,
,4965,萁,qí,Stalks of pulse,
,4966,捋,lǚ,Stroke (beard),
,4967,笱,gǒu,Basket for trapping fish,
,4968,匍,pú,Crawl,
,4969,薜,bì,Ficus pumila,
,4970,饩,xì,Grain ration,
,4971,佼,jiǎo,Handsome,
,4972,麋,mí,Moose,
,4973,缵,zuǎn,Carry on,
,4974,羚,líng,Antelope,
,4975,犍,jiān,Bullock,
,4976,烊,yáng,Molten,
,4977,噤,jìn,Unable to speak,
,4978,龅,páo,Projecting teeth,
,4979,眇,miǎo,Minute (small),
,4980,苴,jū,Sack cloth,
,4981,徨,huáng,Irresolute,
,4982,搴,qiān,Seize,
,4983,剁,duò,Chop (meat),
,4984,膂,lǚ,Backbone,
,4985,鲂,fáng,Bream,
,4986,鸷,zhì,Birds of prey,
,4987,娩,miǎn,Give birth to a child,
,4988,劬,qú,Labor,
,4989,葑,fēng,Turnip,
,4990,饽,bō,Cake,
,4991,媾,gòu,To marry,
,4992,炔,quē,Alkyne,
,4993,傧,bīn,Best man,
,4994,缌,sī,Fine linen,
,4995,碣,jié,Stone tablet,
,4996,榕,róng,Banyan tree,
,4997,嘧,mì,As in pyrimidine,
,4998,莸,yóu,Caryopteris divaricata,
,4999,葭,jiā,Reed,
,5000,篙,gāo,Pole for punting boats,
